customer_id,customer_name,city,segment,signup_date
C-1001,Dima Fakhoury,Aqaba,Retail,2024-10-17
C-1002,Khaled Obeidat,Amman,Wholesale,2025-04-19
C-1003,Tala Masri,Irbid,Wholesale,2023-10-25
C-1004,Hamza Toubasi,Madaba,Retail,2024-08-24
C-1005,Lina Salem,Madaba,Retail,2025-10-11
C-1006,Jana Saleh,Amman,Retail,2025-01-23
C-1007,Aya Fakhoury,Amman,Retail,2024-03-15
C-1008,Bashar Masri,amman,wholesale,2024-02-10
C-1009,Basel Kurdi,Aqaba,Retail,2024-08-26
C-1010,Leen Shami,Amman,Retail,2024-06-23
C-1011,Jana Toubasi,Amman,Retail,2026-02-01
C-1012,Anas Awad,Amman,Wholesale,2024-03-06
C-1013,Anas Abbadi,Al Zarqa,Retail,2025-05-05
C-1014,Ruba Haddad,Irbid,Retail,2025-10-03
C-1015,Faris Abbadi,Salt,Retail,2024-09-05
C-1016,Khaled Kurdi,Irbid,Retail,2024-05-10
C-1017,Ibrahim Zoubi,Zarqa,retail,2024-05-31
C-1018,Noor Najjar,Amman,Retail,2024-08-05
C-1019,Ruba Issa,Aqaba,Retail,2025-05-10
C-1020,Hamza Darwish,Zarqa,Retail,2025-05-16
C-1021,Ahmad Hijazi,Amman,Retail,2025-05-18
C-1022,Salma Khoury,Mafraq,Retail,2024-05-09
C-1023,Ahmad Ghanem,Irbid,Retail,2025-03-31
C-1024,Nizar Qudah,Irbid,Retail,2026-06-02
C-1025,Omar Toubasi,Amman,Retail,2024-09-16
C-1026,Dima Tamimi,Irbid,Retail,2025-04-22
C-1027,Sami Ghanem,Irbid,Retail,2024-09-18
C-1028,Aya Masri,Salt,Retail,2025-11-14
C-1029,Kareem Qudah,Aqaba,Retail,2025-03-18
C-1030,Lina Najjar,Amman,Retail,2024-01-04
C-1031,Basel Issa,Irbid,Retail,2025-02-10
C-1032,Lama Toubasi,Zarqa,retail,2024-08-28
C-1033,Reem Hamdan,Amman,Retail,2024-11-09
C-1034,Maya Salem,Amman,Retail,2024-05-05
C-1035,Yazan Qasem,Karak,Retail,2024-09-02
C-1036,Rania Zoubi,Amman,Retail,2025-01-17
C-1037,Rana Shami,amman,Wholesale,2025-02-25
C-1038,Aya Yasin,Salt,Retail,2024-06-17
C-1039,Zaid Abbadi,,Retail,2024-04-14
C-1040,Ibrahim Qudah,Mafraq,Wholesale,2025-06-17
C-1041,Shatha Ghanem,Aqaba,Retail,2024-09-12
C-1042,Leen Jaber,Amman,Retail,2024-11-12
C-1043,Mahmoud Jaber,Amman,Retail,2025-01-12
C-1044,Basel Khalil,Irbid,Retail,2024-10-20
C-1045,Noor Saleh,Irbid,retail,2024-08-04
C-1046,Noor Nasser,Irbid,retail,2026-02-01
C-1047,Aya Nasser,Amman,retail,2024-07-10
C-1048,Zaid Mansour,Irbid,Retail,2024-10-22
C-1049,Mohammad Qudah,Zarqa,Wholesale,2025-07-28
C-1050,Bashar Shami,Mafraq,Retail,2024-09-20
C-1051,Rana Najjar,Zarqa,Wholesale,2025-01-25
C-1052,Zaid Najjar,Irbid,Retail,2024-10-31
C-1053,Rania Issa,Irbid,Wholesale,2024-08-15
C-1054,Kareem Shami,Amman,Retail,2026-06-02
C-1055,Maya Fakhoury,Salt,Retail,2024-08-25
C-1056,Kareem Najjar,Zarqa,Retail,2023-09-21
C-1057,Lama Tamimi,Karak,Retail,2025-07-03
C-1058,Kareem Hijazi,Zarqa,retail,2024-05-11
C-1059,Maya Yasin,Amman,Wholesale,2024-09-23
C-1060,Nizar Nasser,Salt,retail,2025-05-11
C-1061,Lina Qudah,Amman,Retail,2024-10-07
C-1062,Mahmoud Khoury,Al Zarqa,Retail,2024-12-12
C-1063,Tala Ghanem,Aqaba,Retail,2025-07-31
C-1064,Anas Qasem,Amman,Retail,2024-01-02
C-1065,Rania Fakhoury,Irbid,Retail,2024-11-13
C-1066,Maya Mansour,Amman,wholesale,2025-10-24
C-1067,Noor Khoury,Mafraq,Retail,2024-06-22
C-1068,Khaled Fakhoury,Irbid,Retail,2023-11-02
C-1069,Hala Qudah,Amman,Wholesale,2024-01-31
C-1070,Leen Tamimi,Amman,Retail,2025-08-17
C-1071,Salma Salem,Irbid,Retail,2023-10-18
C-1072,Bashar Fakhoury,Salt,Retail,2024-04-18
C-1073,Dima Jaber,Zarqa,Retail,2024-09-02
C-1074,Mohammad Najjar,Karak,Retail,2024-09-02
C-1075,Ruba Hamdan,Salt,Retail,2024-11-19
C-1076,Ibrahim Bakri,Amman,Retail,2026-04-09
C-1077,Anas Issa,Amman,Retail,2024-10-23
C-1078,Sara Kurdi,Al Zarqa,Retail,2024-07-08
C-1079,Aya Jaber,Amman,Retail,2025-08-26
C-1080,Sara Obeidat,Irbid,Retail,2024-10-08
C-1081,Salma Issa,Zarqa,Retail,2024-12-26
C-1082,Dana Darwish,Amman,Retail,2025-06-19
C-1083,Salma Jaber,Amman,Retail,2024-03-10
C-1084,Nizar Awad,Zarqa,Retail,2024-11-27
C-1085,Farah Mansour,Amman,Wholesale,2024-08-29
C-1086,Omar Salem,Amman,RETAIL ,2023-11-25
C-1087,Ibrahim Hamdan,Amman,Retail,2025-12-06
C-1088,Basel Najjar,Aqaba,Retail,2024-01-11
C-1089,Aya Abbadi,Zarqa,Retail,2025-03-09
C-1090,Basel Hamdan,Irbid,Wholesale,2024-08-02
C-1091,Maya Awad,Amman,Retail,2024-09-13
C-1092,Maya Bakri,Amman,Retail,2025-07-19
C-1093,Shatha Issa,Zarqa,Retail,2024-04-26
C-1094,Hala Abbadi,Aqaba,Retail,2024-08-16
C-1095,Basel Odeh,Zarqa,Retail,2023-09-01
C-1096,Lama Hamdan,Amman,Retail,2024-10-14
C-1097,Hala Odeh,Irbid,Retail,2025-11-25
C-1098,Yazan Nasser,Aqaba,Retail,2025-03-30
C-1099,Zaid Khalil,Irbid,Retail,2025-04-01
C-1100,Omar Qudah,Irbid,Retail,2024-10-18
C-1101,Hala Toubasi,Irbid,Retail,2024-11-27
C-1102,Reem Awad,Irbid,Retail,2024-09-29
C-1103,Sami Fakhoury,Zarqa,Retail,2024-08-17
C-1104,Sara Ghanem,Amman,Retail,2025-07-21
C-1105,Tareq Rawashdeh,Zarqa,Retail,2024-08-29
C-1106,Faris Hamdan,Salt,Retail,2024-11-17
C-1107,Ali Odeh,Amman,Retail,2025-01-10
C-1108,Shatha Khoury,Madaba,Retail,2024-07-30
C-1109,Sami Darwish,Amman,Retail,2024-06-18
C-1110,Khaled Darwish,Amman,Retail,2024-02-26
C-1111,Reem Khoury,Zarqa,Wholesale,2024-09-20
C-1112,Faris Masri,Amman,Retail,2025-07-31
C-1113,Sami Abbadi,Madaba,wholesale,2025-06-20
C-1114,Dana Issa,Amman,Retail,2024-10-23
C-1115,Bashar Haddad,Karak,Wholesale,2026-01-09
C-1116,Noor Hijazi,Amman,Retail,2024-07-17
C-1117,Hamza Jaber,Amman,Retail,2023-10-25
C-1118,Faris Obeidat,Irbid,Retail,2024-09-03
C-1119,Leen Mansour,Amman,Retail,2024-12-12
C-1120,Tala Abbadi,Irbid,Retail,2025-01-16
C-1121,Hamza Khoury,Irbid,Retail,2025-03-31
C-1122,Farah Darwish,Irbid,Retail,2024-09-05
C-1123,Leen Masri,Amman,Wholesale,2024-04-25
C-1124,Ahmad Zoubi,Irbid,Retail,2025-01-16
C-1125,Rana Haddad,Amman,Retail,2025-07-01
C-1126,Laith Yasin,Amman,Retail,2024-12-31
C-1127,Lina Shami,Amman,Retail,2024-12-11
C-1128,Leen Zoubi,Amman,retail,2024-11-01
C-1129,Mahmoud Ghanem,Irbid,Retail,2024-07-16
C-1130,Lina Hijazi,Madaba,Retail,2024-05-15
C-1131,Sara Qudah,Irbid,Retail,2024-10-27
C-1132,Rania Hijazi,Mafraq,Retail,2024-02-21
C-1133,Tareq Ghanem,Amman,Wholesale,2025-10-26
C-1134,Dima Shami,Amman,Retail,2025-04-15
C-1135,Leen Awad,Amman,Retail,2023-09-30
C-1136,Tala Kurdi,Irbid,Wholesale,2024-11-02
C-1137,Sami Toubasi,Amman,Retail,2025-08-26
C-1138,Salma Kurdi,Amman,Retail,2024-11-25
C-1139,Ahmad Odeh,Irbid,Retail,2024-02-10
C-1140,Tareq Bakri,Salt,Retail,2023-11-15
C-1141,Ruba Qasem,Zarqa,Retail,2024-10-03
C-1142,Basel Ghanem,Amman,Retail,2024-10-12
C-1143,Yazan Najjar,Amman,Wholesale,2025-09-22
C-1144,Anas Jaber,Zarqa,Wholesale,2024-05-09
C-1145,Rania Najjar,Karak,Wholesale,2024-10-28
C-1146,Dima Saleh,Karak,Retail,2023-11-03
C-1147,Khaled Bakri,Karak,Retail,2025-04-06
C-1148,Nizar Salem,Aqaba,Retail,2024-08-30
C-1149,Faris Toubasi,Aqaba,Retail,2025-05-23
C-1150,Anas Hamdan,Amman,Retail,2024-10-10
C-1151,Reem Najjar,Amman,Retail,2025-05-09
C-1152,Laith Darwish,Aqaba,Retail,2025-05-27
C-1153,Ahmad Qudah,Amman,Retail,2024-08-06
C-1154,Faris Fakhoury,Madaba,Retail,2025-07-10
C-1155,Bashar Yasin,Amman,Retail,2026-04-22
C-1156,Lama Fakhoury,amman,Retail,2024-03-28
C-1157,Hala Yasin,Irbid,Retail,2025-07-08
C-1158,Sara Issa,Irbid,Retail,2024-09-18
C-1159,Faris Mansour,Zarqa,Retail,2023-11-08
C-1160,Shatha Obeidat,Irbid,Retail,2024-09-14
C-1161,Rana Saleh,Irbid,Retail,2024-05-17
C-1162,Tareq Qasem,Irbid,Wholesale,2024-05-11
C-1163,Laith Tamimi,Madaba,Wholesale,2025-08-16
C-1164,Ali Mansour,Irbid,Retail,2024-11-05
C-1165,Lama Masri,Irbid,Wholesale,2024-10-21
C-1166,Jana Abbadi,Madaba,Retail,2025-08-09
C-1167,Mahmoud Yasin,Amman,Retail,2024-09-07
C-1168,Faris Odeh,Amman,Retail,2023-11-18
C-1169,Omar Najjar,Aqaba,Retail,2026-05-02
C-1170,Kareem Ghanem,Zarqa,Retail,2024-07-04
C-1171,Lama Khoury,Amman,Retail,2024-09-28
C-1172,Rana Fakhoury,Aqaba,retail,2023-10-15
C-1173,Khaled Jaber,Zarqa,Wholesale,2026-01-11
C-1174,Leen Qasem,Amman,Retail,2025-10-09
C-1175,Lama Mansour,Amman,Retail,2024-09-30
C-1176,Shatha Mansour,Irbid,Retail,2026-06-28
C-1177,Sami Yasin,Amman,Retail,2024-09-24
C-1178,Dana Hamdan,Irbid,Wholesale,2025-08-11
C-1179,Lina Qasem,Madaba,Retail,2025-07-09
C-1180,Mahmoud Nasser,Irbid,Retail,2024-03-14
C-1181,Noor Qudah,Irbid,Retail,2024-10-18
C-1182,Aya Hamdan,Amman,Retail,2025-04-09
C-1183,Sara Nasser,Irbid,Retail,2023-08-21
C-1184,Reem Rawashdeh,Amman,retail,2024-10-11
C-1185,Aya Zoubi,Amman,Retail,2024-08-24
C-1186,Tala Bakri,Irbid,Retail,2024-04-23
C-1187,Ahmad Issa,Madaba,Retail,2025-11-10
C-1188,Farah Odeh,Amman,Retail,2024-02-07
C-1189,Khaled Salem,Zarqa,Retail,2025-01-26
C-1190,Leen Darwish,Amman,Retail,2024-09-17
C-1191,Maya Odeh,Amman,Retail,2024-03-01
C-1192,Noor Obeidat,Zarqa,Retail,2024-02-12
C-1193,Omar Jaber,Aqaba,Retail,2024-01-02
C-1194,Dima Kurdi,Amman,Retail,2024-06-11
C-1195,Reem Haddad,Aqaba,Retail,2025-11-01
C-1196,Bashar Tamimi,Aqaba,Retail,2024-12-25
C-1197,Kareem Issa,Amman,Retail,2024-05-09
C-1198,Mahmoud Rawashdeh,Zarqa,Retail,2024-08-18
C-1199,Mahmoud Obeidat,Amman,Wholesale,2024-11-19
C-1200,Reem Saleh,Amman,Retail,2024-08-14
C-1201,Lama Salem,Amman,Retail,2023-10-04
C-1202,Sara Hijazi,Amman,Retail,2025-02-18
C-1203,Salma Tamimi,Zarqa,Retail,2024-09-25
C-1204,Omar Nasser,Irbid,Retail,2024-11-11
C-1205,Mahmoud Khalil,Aqaba,Retail,2023-12-23
C-1206,Tala Qudah,Amman,Retail,2024-06-28
C-1207,Ruba Darwish,Irbid,RETAIL ,2024-07-13
C-1208,Salma Rawashdeh,Amman,Retail,2024-11-07
C-1209,Faris Khalil,Amman,Retail,2024-10-06
C-1210,Noor Masri,Zarqa,Retail,2024-05-02
C-1211,Faris Kurdi,Amman,Retail,2025-01-06
C-1212,Jana Obeidat,Irbid,Retail,2024-11-09
C-1213,Tareq Toubasi,,Retail,2023-10-02
C-1214,Hamza Kurdi,Mafraq,Retail,2024-11-24
C-1215,Yousef Salem,Aqaba,Retail,2025-09-08
C-1216,Dima Masri,Amman,Retail,2024-05-20
C-1217,Leen Bakri,Amman,Retail,2024-11-08
C-1218,Hamza Issa,Amman,Retail,2024-04-30
C-1219,Mahmoud Qudah,Amman,Retail,2023-09-04
C-1220,Lama Qasem,Aqaba,Retail,2024-03-14
C-1221,Khaled Hijazi,Amman,Retail,2024-12-08
C-1222,Omar Kurdi,Mafraq,Retail,2024-09-13
C-1223,Laith Masri,Irbid,Wholesale,2023-08-21
C-1224,Maya Hamdan,Aqaba,Retail,2024-12-15
C-1225,Yazan Salem,Irbid,Retail,2024-09-12
C-1226,Dana Tamimi,Amman,Retail,2025-04-01
C-1227,Noor Rawashdeh,,Retail,2024-10-11
C-1228,Laith Haddad,Amman,Retail,2024-09-18
C-1229,Maya Zoubi,Amman,Retail,2024-01-29
C-1230,Shatha Hamdan,Salt,retail,2024-01-19
C-1231,Yazan Yasin,Amman,Retail,2024-10-22
C-1232,Yazan Awad,Madaba,Retail,2023-11-09
C-1233,Yousef Shami,Karak,Wholesale,2025-07-29
C-1234,Jana Masri,Amman,Retail,2025-05-27
C-1235,Anas Qudah,Amman,Wholesale,2025-05-02
C-1236,Rana Zoubi,Amman,Retail,2024-10-29
C-1237,Ahmad Jaber,Amman,Retail,2024-08-25
C-1238,Aya Qasem,Aqaba,Retail,2025-02-04
C-1239,Khaled Shami,Amman,Retail,2025-03-16
C-1240,Ibrahim Khalil,Aqaba,Retail,2025-01-19
C-1241,Ibrahim Fakhoury,Amman,Retail,2026-01-28
C-1242,Omar Masri,Aqaba,Wholesale,2024-08-26
C-1243,Haya Issa,Amman,Retail,2024-11-20
C-1244,Ali Hijazi,Aqaba,Retail,2023-07-31
C-1245,Tala Jaber,Zarqa,Retail,2024-04-09
C-1246,Rana Yasin,Karak,Retail,2024-10-12
C-1247,Anas Yasin,Salt,Retail,2025-10-06
C-1248,Tala Najjar,Zarqa,Retail,2025-03-02
C-1249,Kareem Obeidat,Irbid,Retail,2023-10-14
C-1250,Nizar Khalil,Zarqa,Retail,2023-12-26
C-1251,Ruba Abbadi,Zarqa,Retail,2025-03-14
C-1252,Nizar Fakhoury,Salt,Retail,2023-10-04
C-1253,Bashar Zoubi,Amman,Retail,2024-06-19
C-1254,Farah Zoubi,Irbid,Retail,2025-04-15
C-1255,Laith Hamdan,Amman,Retail,2024-12-01
C-1256,Laith Khoury,Madaba,Retail,2024-02-22
C-1257,Basel Obeidat,Aqaba,Retail,2024-11-17
C-1258,Haya Salem,Irbid,Retail,2024-11-28
C-1259,Hamza Yasin,Amman,Retail,2025-09-23
C-1260,Sara Awad,Irbid,Retail,2025-07-06
C-1261,Aya Ghanem,Amman,Retail,2025-04-28
C-1262,Sami Mansour,Salt,retail,2023-10-03
C-1263,Haya Khalil,Amman,Retail,2024-10-13
C-1264,Yazan Ghanem,Amman,wholesale,2025-06-20
C-1265,Rana Odeh,Amman,Retail,2024-12-17
C-1266,Ibrahim Mansour,Zarqa,Retail,2024-09-09
C-1267,Lina Darwish,Karak,Retail,2024-08-20
C-1268,Zaid Hamdan,Irbid,Retail,2024-12-28
C-1269,Dima Issa,Irbid,retail,2024-09-01
C-1270,Tala Rawashdeh,Irbid,Retail,2024-01-22
C-1271,Rania Odeh,Amman,Retail,2026-02-21
C-1272,Reem Masri,Madaba,Retail,2024-08-24
C-1273,Leen Obeidat,Aqaba,Retail,2023-08-12
C-1274,Ibrahim Obeidat,Irbid,Retail,2024-03-30
C-1275,Dana Jaber,Irbid,Retail,2023-09-17
C-1276,Reem Fakhoury,Amman,Retail,2024-02-05
C-1277,Noor Zoubi,Salt,Wholesale,2024-04-07
C-1278,Farah Ghanem,Amman,RETAIL ,2024-10-06
C-1279,Tareq Tamimi,Zarqa,Wholesale,2025-03-25
C-1280,Reem Obeidat,,Retail,2025-04-27
C-1281,Salma Abbadi,Amman,Retail,2024-11-30
C-1282,Ibrahim Masri,Amman,Retail,2024-09-28
C-1283,Basel Masri,Amman,Retail,2025-01-09
C-1284,Shatha Jaber,Amman,Retail,2024-08-27
C-1285,Rana Jaber,Amman,Retail,2025-11-17
C-1286,Salma Hamdan,Irbid,Retail,2023-09-11
C-1287,Mahmoud Abbadi,Amman,Retail,2024-09-21
C-1288,Leen Nasser,Madaba,Retail,2025-12-11
C-1289,Dima Odeh,Aqaba,Retail,2024-10-30
C-1290,Ali Obeidat,Zarqa,Retail,2025-08-17
C-1291,Rania Salem,Amman,Retail,2025-11-22
C-1292,Farah Toubasi,Amman,Retail,2024-08-17
C-1293,Lina Yasin,amman,retail,2024-08-01
C-1294,Yazan Qudah,Amman,Retail,2024-03-05
C-1295,Salma Saleh,Amman,Retail,2023-09-13
C-1296,Sara Khalil,Amman,Retail,2024-10-23
C-1297,Shatha Abbadi,Aqaba,Retail,2024-10-28
C-1298,Dana Odeh,Irbid,Retail,2025-06-06
C-1299,Kareem Khalil,Amman,Retail,2024-12-24
C-1300,Hamza Mansour,Amman,Retail,2025-09-04
C-1301,Jana Zoubi,Salt,Retail,2024-06-13
C-1302,Hamza Masri,Irbid,Retail,2024-10-19
C-1303,Bashar Khoury,Amman,Wholesale,2024-09-11
C-1304,Salma Khalil,Mafraq,Retail,2024-09-23
C-1305,Maya Saleh,Amman,Retail,2025-02-13
C-1306,Tala Issa,Zarqa,Retail,2026-01-14
C-1307,Zaid Obeidat,Salt,Wholesale,2024-10-17
C-1308,Laith Qasem,Amman,Retail,2024-01-08
C-1309,Sara Yasin,Zarqa,Retail,2025-06-10
C-1310,Nizar Rawashdeh,Irbid,Wholesale,2024-09-13
C-1311,Omar Haddad,Amman,Retail,2025-10-25
C-1312,Faris Najjar,Amman,Retail,2024-03-09
C-1313,Nizar Masri,Irbid,Retail,2025-09-05
C-1314,Faris Bakri,Madaba,Retail,2023-11-24
C-1315,Yazan Haddad,Madaba,Retail,2025-01-04
C-1316,Hamza Hijazi,Irbid,Wholesale,2025-05-17
C-1317,Yousef Nasser,Amman,Retail,2024-01-17
C-1318,Hamza Abbadi,Madaba,Retail,2024-04-04
C-1319,Bashar Toubasi,Salt,Retail,2024-12-05
C-1320,Hamza Najjar,Salt,Retail,2024-10-01
C-1321,Zaid Qasem,Amman,Retail,2024-02-19
C-1322,Farah Khalil,Zarqa,Retail,2024-09-10
C-1323,Sara Zoubi,Amman,Retail,2026-06-21
C-1324,Shatha Qudah,Madaba,Wholesale,2024-09-12
C-1325,Sami Zoubi,Irbid,Wholesale,2024-11-10
C-1326,Faris Darwish,Amman,retail,2025-10-16
C-1327,Khaled Tamimi,Irbid,Retail,2025-02-01
C-1328,Yazan Issa,Irbid,Retail,2024-02-14
C-1329,Khaled Qasem,Madaba,RETAIL ,2025-08-23
C-1330,Rana Ghanem,Aqaba,Retail,2024-01-11
C-1331,Shatha Darwish,Karak,Retail,2024-09-09
C-1332,Kareem Hamdan,Irbid,Retail,2024-11-02
C-1333,Farah Rawashdeh,Amman,Retail,2024-11-27
C-1334,Dana Khalil,Amman,Wholesale,2024-08-30
C-1335,Jana Issa,Amman,Retail,2024-08-07
C-1336,Nizar Saleh,Amman,Retail,2023-10-06
C-1337,Jana Jaber,Amman,Retail,2025-04-25
C-1338,Lina Fakhoury,Amman,Retail,2024-12-05
C-1339,Laith Awad,Aqaba,RETAIL ,2024-09-05
C-1340,Hamza Awad,Amman,Retail,2024-11-25
C-1341,Haya Fakhoury,Karak,Wholesale,2024-09-15
C-1342,Ibrahim Toubasi,Zarqa,Retail,2025-03-29
C-1343,Dima Bakri,Amman,Retail,2025-05-29
C-1344,Haya Odeh,Zarqa,retail,2025-06-21
C-1345,Sami Haddad,Mafraq,retail,2024-11-13
C-1346,Laith Fakhoury,Irbid,Retail,2023-09-08
C-1347,Rania Abbadi,Irbid,Wholesale,2024-07-30
C-1348,Nizar Tamimi,Irbid,Retail,2024-08-27
C-1349,Dana Toubasi,Irbid,Retail,2026-01-03
C-1350,Noor Abbadi,Mafraq,Retail,2025-03-06
C-1351,Omar Yasin,Amman,Retail,2024-06-22
C-1352,Aya Bakri,Amman,RETAIL ,2025-01-17
C-1353,Aya Issa,Amman,Retail,2024-09-14
C-1354,Nizar Abbadi,Irbid,Retail,2025-01-03
C-1355,Omar Tamimi,Amman,Retail,2024-09-18
C-1356,Nizar Issa,Karak,Retail,2024-09-09
C-1357,Ibrahim Odeh,Amman,Retail,2024-09-02
C-1358,Yazan Khalil,Amman,Retail,2024-02-03
C-1359,Mohammad Yasin,Irbid,Retail,2024-09-15
C-1360,Laith Khalil,Amman,Retail,2025-01-22
C-1361,Sami Qudah,Amman,RETAIL ,2023-10-01
C-1362,Basel Darwish,Amman,Retail,2024-11-26
C-1363,Haya Yasin,Irbid,Retail,2025-06-06
C-1364,Reem Khalil,Amman,Retail,2024-11-16
C-1365,Ruba Toubasi,Aqaba,Wholesale,2024-04-28
C-1366,Khaled Masri,Irbid,Retail,2024-06-16
C-1367,Tala Obeidat,Irbid,Retail,2023-10-04
C-1368,Mohammad Kurdi,Amman,Wholesale,2024-09-08
C-1369,Khaled Abbadi,Salt,Retail,2025-08-13
C-1370,Hala Jaber,Irbid,Retail,2025-03-30
C-1371,Aya Toubasi,Zarqa,Retail,2024-09-15
C-1372,Salma Fakhoury,Amman,Retail,2025-02-23
C-1373,Basel Nasser,Irbid,Retail,2025-03-06
C-1374,Jana Bakri,Amman,Retail,2024-05-24
C-1375,Salma Ghanem,Zarqa,Retail,2024-08-15
C-1376,Dima Yasin,Zarqa,Retail,2023-10-17
C-1377,Kareem Khoury,Irbid,Wholesale,2025-02-24
C-1378,Rania Obeidat,Amman,Retail,2024-07-24
C-1379,Mohammad Issa,Irbid,Retail,2023-12-15
C-1380,Leen Najjar,Amman,Wholesale,2024-08-13
C-1381,Reem Ghanem,Amman,Retail,2025-03-04
C-1382,Kareem Salem,Karak,Retail,2024-09-02
C-1383,Mohammad Fakhoury,Irbid,Retail,2024-10-24
C-1384,Sami Bakri,Zarqa,Retail,2023-12-02
C-1385,Jana Khoury,Irbid,Wholesale,2024-03-21
C-1386,Sara Toubasi,Amman,Retail,2023-11-04
C-1387,Reem Jaber,Zarqa,Retail,2024-10-16
C-1388,Ruba Salem,Irbid,Retail,2024-12-21
C-1389,Basel Shami,Amman,Retail,2024-09-06
C-1390,Anas Zoubi,Amman,Retail,2024-10-19
C-1391,Ali Kurdi,Amman,Retail,2024-05-14
C-1392,Jana Hamdan,Amman,Wholesale,2023-09-09
C-1393,Mohammad Mansour,Aqaba,Retail,2024-12-08
C-1394,Hala Tamimi,Al Zarqa,Retail,2023-10-27
C-1395,Kareem Masri,Amman,Retail,2023-09-21
C-1396,Faris Zoubi,Amman,Retail,2025-01-06
C-1397,Ahmad Bakri,Zarqa,Retail,2025-12-14
C-1398,Rana Masri,Salt,Retail,2023-08-02
C-1399,Ibrahim Hijazi,Amman,Retail,2024-10-30
C-1400,Bashar Mansour,Irbid,Retail,2024-09-04
C-1401,Omar Nasser,Irbid,Wholesale,2024-12-11
C-1402,Haya Bakri,Amman,Retail,2024-12-04
C-1403,Ruba Jaber,Zarqa,Retail,2025-06-05
C-1404,Ahmad Salem,Amman,Retail,2024-10-07
C-1405,Anas Darwish,Zarqa,Retail,2025-04-16
C-1406,Dima Mansour,Aqaba,Retail,2025-09-20
C-1407,Ali Toubasi,Salt,Wholesale,2023-08-03
C-1408,Sami Hamdan,Salt,Retail,2024-01-28
C-1409,Basel Fakhoury,Irbid,Retail,2024-11-27
C-1410,Hamza Hamdan,Amman,Retail,2025-06-22
C-1411,Faris Qasem,Zarqa,Wholesale,2024-01-15
C-1412,Noor Issa,Salt,Retail,2024-09-04
C-1413,Hala Najjar,Al Zarqa,Wholesale,2025-09-12
C-1414,Zaid Shami,Zarqa,Retail,2023-09-15
C-1415,Rania Darwish,Al Zarqa,Retail,2025-10-20
C-1416,Khaled Nasser,Karak,Retail,2024-08-09
C-1417,Sami Issa,Zarqa,Wholesale,2023-12-07
C-1418,Rania Ghanem,Irbid,Retail,2024-02-08
C-1419,Nizar Zoubi,Irbid,Retail,2024-09-04
C-1420,Anas Kurdi,Salt,Retail,2025-03-03
C-1421,Dima Zoubi,Al Zarqa,Retail,2024-03-05
C-1422,Aya Qudah,Zarqa,Wholesale,2024-09-15
C-1423,Khaled Awad,Amman,Retail,2025-06-22
C-1424,Shatha Tamimi,Irbid,Retail,2024-06-27
C-1425,Lama Hijazi,Madaba,Retail,2024-09-02
C-1426,Sami Qasem,Irbid,Wholesale,2024-10-21
C-1427,Bashar Odeh,Karak,Retail,2025-05-28
C-1428,Yazan Khoury,Salt,retail,2024-04-04
C-1429,Jana Mansour,Amman,Retail,2024-04-15
C-1430,Rania Awad,Irbid,Wholesale,2024-05-09
C-1431,Salma Haddad,Irbid,Retail,2024-05-30
C-1432,Omar Zoubi,Karak,Retail,2024-09-21
C-1433,Nizar Najjar,Irbid,Retail,2024-07-02
C-1434,Reem Issa,Amman,Retail,2024-05-09
C-1435,Reem Salem,Irbid,Retail,2024-01-29
C-1436,Rana Bakri,Karak,Retail,2025-01-12
C-1437,Bashar Kurdi,Amman,Retail,2024-09-02
C-1438,Tareq Fakhoury,Amman,Retail,2024-09-17
C-1439,Rana Mansour,Zarqa,Retail,2024-03-24
C-1440,Tala Tamimi,Amman,Retail,2024-02-11
C-1441,Yazan Masri,Amman,Retail,2024-09-07
C-1442,Shatha Yasin,Salt,Retail,2025-11-22
C-1443,Rania Rawashdeh,Irbid,Retail,2024-10-15
C-1444,Yousef Awad,Zarqa,Retail,2023-12-31
C-1445,Mohammad Obeidat,Amman,Retail,2024-01-20
C-1446,Nizar Bakri,,Retail,2024-09-12
C-1447,Basel Awad,Amman,Wholesale,2024-11-03
C-1448,Yousef Rawashdeh,Irbid,Retail,2026-02-13
C-1449,Ruba Ghanem,Aqaba,Retail,2024-09-28
C-1450,Shatha Hijazi,Aqaba,Retail,2024-03-04
C-1451,Lama Qudah,Amman,Retail,2025-03-14
C-1452,Haya Jaber,Amman,Retail,2025-05-19
C-1453,Ahmad Awad,Zarqa,Retail,2026-02-07
C-1454,Lina Abbadi,Amman,Retail,2024-10-30
C-1455,Hala Ghanem,Amman,Retail,2024-05-10
C-1456,Nizar Yasin,Irbid,Retail,2023-08-08
C-1457,Jana Rawashdeh,Irbid,Retail,2024-12-21
C-1458,Haya Haddad,Amman,Retail,2024-09-25
C-1459,Zaid Nasser,Zarqa,Retail,2024-10-23
C-1460,Ibrahim Salem,Zarqa,Retail,2024-09-22
C-1461,Basel Tamimi,Amman,Retail,2023-11-27
C-1462,Haya Ghanem,Zarqa,Retail,2025-07-02
C-1463,Reem Yasin,Amman,Retail,2025-08-03
C-1464,Mohammad Salem,Karak,Retail,2024-02-01
C-1465,Sara Khoury,Amman,Retail,2025-05-28
C-1466,Salma Shami,Amman,Retail,2024-02-25
C-1467,Tala Shami,Zarqa,Retail,2024-04-21
C-1468,Mahmoud Issa,Irbid,Retail,2024-10-15
C-1469,Salma Odeh,Irbid,Wholesale,2024-09-29
C-1470,Ruba Odeh,Zarqa,Retail,2024-09-14
C-1471,Ahmad Masri,Amman,Retail,2024-01-18
C-1472,Aya Khalil,Aqaba,RETAIL ,2024-01-19
C-1473,Laith Jaber,Mafraq,Retail,2023-09-27
C-1474,Ibrahim Abbadi,amman,Retail,2024-06-23
C-1475,Mohammad Shami,Amman,Retail,2024-10-03
C-1476,Sara Jaber,Irbid,Retail,2025-09-26
C-1477,Sara Qasem,Amman,Wholesale,2023-12-20
C-1478,Rania Jaber,Irbid,Retail,2024-01-03
C-1479,Yousef Najjar,Irbid,Retail,2024-07-16
C-1480,Reem Zoubi,Irbid,Wholesale,2025-07-09
C-1481,Lama Ghanem,Amman,Retail,2025-01-18
C-1482,Bashar Darwish,Irbid,Retail,2025-09-21
C-1483,Ruba Khoury,Irbid,Retail,2024-04-18
C-1484,Mohammad Darwish,Zarqa,RETAIL ,2025-04-23
C-1485,Tala Salem,Aqaba,Retail,2024-02-04
C-1486,Rania Qudah,Irbid,Wholesale,2024-10-25
C-1487,Hamza Ghanem,,Retail,2025-02-14
C-1488,Yazan Mansour,Madaba,Retail,2024-02-02
C-1489,Mahmoud Haddad,Irbid,Retail,2025-02-22
C-1490,Mahmoud Hamdan,Madaba,Retail,2024-12-26
C-1491,Mohammad Rawashdeh,Amman,Retail,2024-09-05
C-1492,Rania Tamimi,Irbid,Retail,2025-02-07
C-1493,Nizar Shami,Amman,Retail,2024-08-30
C-1494,Farah Abbadi,Amman,Retail,2024-12-20
C-1495,Ibrahim Nasser,Zarqa,Retail,2026-01-03
C-1496,Kareem Zoubi,Amman,Wholesale,2023-08-22
C-1497,Khaled Odeh,Amman,Retail,2025-03-07
C-1498,Lama Jaber,Irbid,Retail,2023-12-15
C-1499,Rania Toubasi,Mafraq,Retail,2024-06-12
C-1500,Ibrahim Awad,Aqaba,Retail,2025-10-09
