film_id,title,release_year,rating,length,rental_rate,replacement_cost
1,ACADEMY DINOSAUR,2012,PG,86,0.99,20.99
2,ACE GOLDFINGER,2023,G,48,4.99,12.99
3,ADAPTATION HOLES,2017,NC-17,50,2.99,18.99
4,AFFAIR PREJUDICE,2023,G,117,2.99,26.99
5,AFRICAN EGG,2019,G,130,2.99,22.99
6,AGENT TRUMAN,2010,PG,169,2.99,17.99
7,AIRPLANE SIERRA,2019,PG-13,62,4.99,28.99
8,AIRPORT POLLOCK,2010,R,54,4.99,15.99
9,ALABAMA DEVIL,2011,PG-13,114,2.99,21.99
10,ALADDIN CALENDAR,2014,NC-17,63,4.99,24.99
11,ALAMO VIDEOTAPE,2024,G,126,0.99,16.99
12,ALASKA PHANTOM,2016,PG,136,0.99,22.99
13,ALI FOREVER,2021,PG,150,4.99,21.99
14,ALICE FANTASIA,2013,NC-17,94,0.99,23.99
15,ALIEN CENTER,2007,NC-17,46,2.99,10.99
16,ALLEY EVOLUTION,2009,NC-17,180,2.99,23.99
17,ALONE TRIP,2022,R,82,0.99,14.99
18,ALTER VICTORY,2017,PG-13,57,0.99,27.99
19,AMADEUS HOLY,2012,PG,113,0.99,20.99
20,AMELIE HELLFIGHTERS,2006,R,79,4.99,23.99
21,AMERICAN CIRCUS,2022,R,129,4.99,17.99
22,AMISTAD MIDSUMMER,2014,G,85,2.99,10.99
23,ANACONDA CONFESSIONS,2020,R,92,0.99,9.99
24,ANALYZE HOOSIERS,2011,R,181,2.99,19.99
25,ANGELS LIFE,2009,G,74,2.99,15.99
26,ANNIE IDENTITY,2016,G,86,0.99,15.99
27,ANONYMOUS HUMAN,2014,NC-17,179,0.99,12.99
28,ANTHEM LUKE,2015,PG-13,91,4.99,16.99
29,ANTITRUST TOMATOES,2006,NC-17,168,2.99,11.99
30,ANYTHING SAVANNAH,2007,R,82,2.99,27.99
31,APACHE DIVINE,2009,NC-17,92,4.99,16.99
32,APOCALYPSE FLAMINGOS,2020,R,119,4.99,11.99
33,APOLLO TEEN,2013,PG-13,153,2.99,15.99
34,ARABIA DOGMA,2023,NC-17,62,0.99,29.99
35,ARACHNOPHOBIA ROLLERCOASTER,2020,PG-13,147,2.99,24.99
36,ARGONAUTS TOWN,2011,PG-13,127,0.99,12.99
37,ARIZONA BANG,2017,PG,121,2.99,28.99
38,ARK RIDGEMONT,2009,NC-17,68,0.99,25.99
39,ARMAGEDDON LOST,2020,G,99,0.99,10.99
40,ARMY FLINTSTONES,2013,R,148,0.99,22.99
41,ARSENIC INDEPENDENCE,2006,PG,137,0.99,17.99
42,ARTIST COLDBLOODED,2008,NC-17,170,2.99,10.99
43,ATLANTIS CAUSE,2018,G,170,2.99,15.99
44,ATTACKS HATE,2010,PG-13,113,4.99,21.99
45,ATTRACTION NEWTON,2015,PG-13,83,4.99,14.99
46,AUTUMN CROW,2010,G,108,4.99,13.99
47,BABY HALL,2011,NC-17,153,4.99,23.99
48,BACKLASH UNDEFEATED,2012,PG-13,118,4.99,24.99
49,BADMAN DAWN,2013,R,162,2.99,22.99
50,BAKED CLEOPATRA,2024,G,182,2.99,20.99
51,BALLOON HOMEWARD,2012,NC-17,75,2.99,10.99
52,BALLROOM MOCKINGBIRD,2014,G,173,0.99,29.99
53,BANG KWAI,2016,NC-17,87,2.99,25.99
54,BANGER PINOCCHIO,2023,R,113,0.99,15.99
55,BARBARELLA STREETCAR,2009,G,65,2.99,27.99
56,BAREFOOT MANCHURIAN,2010,G,129,2.99,15.99
57,BASIC EASY,2019,PG-13,90,2.99,18.99
58,BEACH HEARTBREAKERS,2023,G,122,2.99,16.99
59,BEAR GRACELAND,2022,R,160,2.99,20.99
60,BEAST HUNCHBACK,2009,R,89,4.99,22.99
61,BEAUTY GREASE,2024,G,175,4.99,28.99
62,BED HIGHBALL,2020,NC-17,106,2.99,23.99
63,BEDAZZLED MARRIED,2015,PG,73,0.99,21.99
64,BEETHOVEN EXORCIST,2019,PG-13,151,0.99,26.99
65,BEHAVIOR RUNAWAY,2006,PG,100,4.99,20.99
66,BENEATH RUSH,2013,NC-17,53,0.99,27.99
67,BERETS AGENT,2007,PG-13,77,2.99,24.99
68,BETRAYED REAR,2006,NC-17,122,4.99,26.99
69,BEVERLY OUTLAW,2020,R,85,2.99,21.99
70,BIKINI BORROWERS,2015,NC-17,142,4.99,26.99
71,BILKO ANONYMOUS,2011,PG-13,100,4.99,25.99
72,BILL OTHERS,2007,PG,93,2.99,12.99
73,BINGO TALENTED,2009,PG-13,150,2.99,22.99
74,BIRCH ANTITRUST,2008,PG,162,4.99,18.99
75,BIRD INDEPENDENCE,2019,G,163,4.99,14.99
76,BIRDCAGE CASPER,2018,NC-17,103,0.99,23.99
77,BIRDS PERDITION,2008,G,61,4.99,15.99
78,BLACKOUT PRIVATE,2007,PG,85,2.99,12.99
79,BLADE POLISH,2008,PG-13,114,0.99,10.99
80,BLANKET BEVERLY,2016,G,148,2.99,21.99
81,BLINDNESS GUN,2013,PG-13,103,4.99,29.99
82,BLOOD ARGONAUTS,2021,G,71,0.99,13.99
83,BLUES INSTINCT,2008,G,50,2.99,18.99
84,BOILED DARES,2010,PG,102,4.99,13.99
85,BONNIE HOLOCAUST,2007,G,63,0.99,29.99
86,BOOGIE AMELIE,2021,R,121,4.99,11.99
87,BOONDOCK BALLROOM,2017,NC-17,76,0.99,14.99
88,BORN SPINAL,2017,PG,179,4.99,17.99
89,BORROWERS BEDAZZLED,2019,G,63,0.99,22.99
90,BOULEVARD MOB,2024,R,63,0.99,11.99
91,BOUND CHEAPER,2019,PG,98,0.99,17.99
92,BOWFINGER GABLES,2009,NC-17,72,4.99,19.99
93,BRANNIGAN SUNRISE,2013,PG,121,4.99,27.99
94,BRAVEHEART HUMAN,2008,PG-13,176,2.99,14.99
95,BREAKFAST GOLDFINGER,2024,G,123,4.99,18.99
96,BREAKING HOME,2016,PG-13,169,2.99,21.99
97,BRIDE INTRIGUE,2012,G,56,0.99,24.99
98,BRIGHT ENCOUNTERS,2013,PG-13,73,4.99,12.99
99,BRINGING HYSTERICAL,2006,PG,136,2.99,14.99
100,BROOKLYN DESERT,2020,R,161,4.99,21.99
101,BROTHERHOOD BLANKET,2015,R,73,0.99,26.99
102,BUBBLE GROSSE,2020,R,60,4.99,20.99
103,BUCKET BROTHERHOOD,2022,PG,133,4.99,27.99
104,BUGSY SONG,2010,G,119,2.99,17.99
105,BULL SHAWSHANK,2012,NC-17,125,0.99,21.99
106,BULWORTH COMMANDMENTS,2024,G,61,2.99,14.99
107,BUNCH MINDS,2022,G,63,2.99,13.99
108,BUTCH PANTHER,2013,PG-13,67,0.99,19.99
109,BUTTERFLY CHOCOLAT,2021,G,89,0.99,17.99
110,CABIN FLASH,2006,NC-17,53,0.99,25.99
111,CADDYSHACK JEDI,2012,NC-17,52,0.99,17.99
112,CALENDAR GUNFIGHT,2019,NC-17,120,4.99,22.99
113,CALIFORNIA BIRDS,2010,NC-17,75,4.99,19.99
114,CAMELOT VACATION,2012,NC-17,61,0.99,26.99
115,CAMPUS REMEMBER,2018,R,167,2.99,27.99
116,CANDIDATE PERDITION,2007,R,70,2.99,10.99
117,CANDLES GRAPES,2012,NC-17,135,4.99,15.99
118,CANYON STOCK,2020,R,85,0.99,26.99
119,CAPER MOTIONS,2009,G,176,0.99,22.99
120,CARIBBEAN LIBERTY,2007,NC-17,92,4.99,16.99
121,CAROL TEXAS,2013,PG,151,2.99,15.99
122,CARRIE BUNCH,2011,PG,114,0.99,11.99
123,CASABLANCA SUPER,2009,G,85,4.99,22.99
124,CASPER DRAGONFLY,2018,PG-13,163,4.99,16.99
125,CASSIDY WYOMING,2016,NC-17,61,2.99,19.99
126,CASUALTIES ENCINO,2022,G,179,4.99,16.99
127,CAT CONEHEADS,2008,G,112,4.99,14.99
128,CATCH AMISTAD,2007,G,183,0.99,10.99
129,CAUSE DATE,2024,R,179,2.99,16.99
130,CELEBRITY HORN,2018,PG-13,110,0.99,24.99
131,CENTER DINOSAUR,2016,PG,152,4.99,12.99
132,CHAINSAW UPTOWN,2019,PG,114,0.99,25.99
133,CHAMBER ITALIAN,2015,NC-17,117,4.99,14.99
134,CHAMPION FLATLINERS,2017,PG,51,4.99,21.99
135,CHANCE RESURRECTION,2011,R,70,2.99,22.99
136,CHAPLIN LICENSE,2008,NC-17,146,2.99,26.99
137,CHARADE DUFFEL,2022,PG,66,2.99,21.99
138,CHARIOTS CONSPIRACY,2012,R,71,2.99,29.99
139,CHASING FIGHT,2013,PG,114,4.99,21.99
140,CHEAPER CLYDE,2008,G,87,0.99,23.99
141,CHICAGO NORTH,2019,PG-13,185,4.99,11.99
142,CHICKEN HELLFIGHTERS,2013,PG,122,0.99,24.99
143,CHILL LUCK,2013,PG,142,0.99,17.99
144,CHINATOWN GLADIATOR,2013,PG,61,4.99,24.99
145,CHISUM BEHAVIOR,2021,G,124,4.99,25.99
146,CHITTY LOCK,2018,G,107,2.99,24.99
147,CHOCOLAT HARRY,2019,NC-17,101,0.99,16.99
148,CHOCOLATE DUCK,2009,R,132,2.99,13.99
149,CHRISTMAS MOONSHINE,2012,NC-17,150,0.99,21.99
150,CIDER DESIRE,2008,PG,101,2.99,9.99
151,CINCINATTI WHISPERER,2012,NC-17,143,4.99,26.99
152,CIRCUS YOUTH,2023,PG-13,90,2.99,13.99
153,CITIZEN SHREK,2014,G,165,0.99,18.99
154,CLASH FREDDY,2010,G,81,2.99,12.99
155,CLEOPATRA DEVIL,2022,PG-13,150,0.99,26.99
156,CLERKS ANGELS,2009,G,164,4.99,15.99
157,CLOCKWORK PARADISE,2017,PG-13,143,0.99,29.99
158,CLONES PINOCCHIO,2008,R,124,2.99,16.99
159,CLOSER BANG,2018,R,58,4.99,12.99
160,CLUB GRAFFITI,2014,PG-13,65,0.99,12.99
161,CLUE GRAIL,2024,NC-17,70,4.99,27.99
162,CLUELESS BUCKET,2007,R,95,2.99,13.99
163,CLYDE THEORY,2008,PG-13,139,0.99,29.99
164,COAST RAINBOW,2019,PG,55,0.99,20.99
165,COLDBLOODED DARLING,2013,G,70,4.99,27.99
166,COLOR PHILADELPHIA,2011,G,149,2.99,19.99
167,COMA HEAD,2015,NC-17,109,4.99,10.99
168,COMANCHEROS ENEMY,2021,R,67,0.99,23.99
169,COMFORTS RUSH,2009,NC-17,76,2.99,19.99
170,COMMAND DARLING,2017,PG-13,120,4.99,28.99
171,COMMANDMENTS EXPRESS,2008,R,59,4.99,13.99
172,CONEHEADS SMOOCHY,2021,NC-17,112,4.99,12.99
173,CONFESSIONS MAGUIRE,2009,PG-13,65,4.99,25.99
174,CONFIDENTIAL INTERVIEW,2006,NC-17,180,4.99,13.99
175,CONFUSED CANDLES,2022,PG-13,122,2.99,27.99
176,CONGENIALITY QUEST,2008,PG-13,87,0.99,21.99
177,CONNECTICUT TRAMP,2010,R,172,4.99,20.99
178,CONNECTION MICROCOSMOS,2021,G,115,0.99,25.99
179,CONQUERER NUTS,2007,G,173,4.99,14.99
180,CONSPIRACY SPIRIT,2024,PG-13,184,2.99,27.99
181,CONTACT ANONYMOUS,2011,PG-13,166,2.99,10.99
182,CONTROL ANTHEM,2007,G,185,4.99,9.99
183,CONVERSATION DOWNHILL,2009,R,112,4.99,14.99
184,CORE SUIT,2023,PG-13,92,2.99,24.99
185,COWBOY DOOM,2016,PG,146,2.99,10.99
186,CRAFT OUTFIELD,2019,NC-17,64,0.99,17.99
187,CRANES RESERVOIR,2021,NC-17,57,2.99,12.99
188,CRAZY HOME,2018,PG,136,2.99,24.99
189,CREATURES SHAKESPEARE,2013,NC-17,139,0.99,23.99
190,CREEPERS KANE,2015,NC-17,172,4.99,23.99
191,CROOKED FROGMEN,2007,PG-13,143,0.99,27.99
192,CROSSING DIVORCE,2021,R,50,4.99,19.99
193,CROSSROADS CASUALTIES,2006,G,153,2.99,20.99
194,CROW GREASE,2017,PG,104,0.99,22.99
195,CROWDS TELEMARK,2013,R,112,4.99,16.99
196,CRUELTY UNFORGIVEN,2024,G,69,0.99,29.99
197,CRUSADE HONEY,2006,R,112,2.99,27.99
198,CRYSTAL BREAKING,2012,NC-17,184,2.99,22.99
199,CUPBOARD SINNERS,2015,R,56,2.99,29.99
200,CURTAIN VIDEOTAPE,2018,PG-13,133,0.99,27.99
201,CYCLONE FAMILY,2021,PG,176,2.99,18.99
202,DADDY PITTSBURGH,2023,G,161,4.99,26.99
203,DAISY MENAGERIE,2022,G,84,4.99,9.99
204,DALMATIONS SWEDEN,2015,PG,106,0.99,25.99
205,DANCES NONE,2008,NC-17,58,0.99,22.99
206,DANCING FEVER,2014,G,144,0.99,25.99
207,DANGEROUS UPTOWN,2008,PG,121,4.99,26.99
208,DARES PLUTO,2020,PG-13,89,2.99,16.99
209,DARKNESS WAR,2016,NC-17,99,2.99,24.99
210,DARKO DORADO,2016,NC-17,130,4.99,13.99
211,DARLING BREAKING,2016,PG-13,165,4.99,20.99
212,DARN FORRESTER,2024,G,185,4.99,14.99
213,DATE SPEED,2006,R,104,0.99,19.99
214,DAUGHTER MADIGAN,2007,PG-13,59,4.99,13.99
215,DAWN POND,2007,PG,57,4.99,27.99
216,DAY UNFAITHFUL,2010,G,113,4.99,16.99
217,DAZED PUNK,2008,G,120,4.99,20.99
218,DECEIVER BETRAYED,2010,NC-17,122,0.99,22.99
219,DEEP CRUSADE,2024,PG-13,51,4.99,20.99
220,DEER VIRGINIAN,2016,NC-17,106,2.99,13.99
221,DELIVERANCE MULHOLLAND,2011,R,100,0.99,9.99
222,DESERT POSEIDON,2007,R,64,4.99,27.99
223,DESIRE ALIEN,2009,NC-17,76,2.99,24.99
224,DESPERATE TRAINSPOTTING,2006,G,81,4.99,29.99
225,DESTINATION JERK,2010,PG-13,76,0.99,19.99
226,DESTINY SATURDAY,2022,G,56,4.99,20.99
227,DETAILS PACKER,2010,R,88,4.99,17.99
228,DETECTIVE VISION,2021,PG-13,143,0.99,16.99
229,DEVIL DESIRE,2006,R,87,4.99,12.99
230,DIARY PANIC,2016,G,107,2.99,20.99
231,DINOSAUR SECRETARY,2010,R,63,2.99,27.99
232,DIRTY ACE,2007,NC-17,147,2.99,29.99
233,DISCIPLE MOTHER,2018,PG,141,0.99,17.99
234,DISTURBING SCARFACE,2009,R,94,2.99,27.99
235,DIVIDE MONSTER,2012,PG-13,68,2.99,13.99
236,DIVINE RESURRECTION,2016,R,100,2.99,19.99
237,DIVORCE SHINING,2023,G,47,2.99,21.99
238,DOCTOR GRAIL,2023,G,57,2.99,29.99
239,DOGMA FAMILY,2010,G,122,4.99,16.99
240,DOLLS RAGE,2011,PG-13,120,2.99,10.99
241,DONNIE ALLEY,2008,NC-17,125,0.99,20.99
242,DOOM DANCING,2021,R,68,0.99,13.99
243,DOORS PRESIDENT,2017,NC-17,49,4.99,22.99
244,DORADO NOTTING,2015,NC-17,139,4.99,26.99
245,DOUBLE WRATH,2021,R,177,0.99,28.99
246,DOUBTFIRE LABYRINTH,2010,R,154,4.99,16.99
247,DOWNHILL ENOUGH,2014,G,47,0.99,19.99
248,DOZEN LION,2018,NC-17,177,4.99,20.99
249,DRACULA CRYSTAL,2016,G,176,0.99,26.99
250,DRAGON SQUAD,2011,NC-17,170,0.99,26.99
251,DRAGONFLY STRANGERS,2019,NC-17,133,4.99,19.99
252,DREAM PICKUP,2011,PG,135,2.99,18.99
253,DRIFTER COMMANDMENTS,2024,PG-13,61,4.99,18.99
254,DRIVER ANNIE,2010,PG-13,159,2.99,11.99
255,DRIVING POLISH,2023,NC-17,175,4.99,21.99
256,DROP WATERFRONT,2006,R,178,4.99,20.99
257,DRUMLINE CYCLONE,2016,G,110,0.99,14.99
258,DRUMS DYNAMITE,2024,PG,96,0.99,11.99
259,DUCK RACER,2007,NC-17,116,2.99,15.99
260,DUDE BLINDNESS,2024,G,132,4.99,9.99
261,DUFFEL APOCALYPSE,2006,G,171,0.99,13.99
262,DUMBO LUST,2020,NC-17,119,0.99,17.99
263,DURHAM PANKY,2018,R,154,4.99,14.99
264,DWARFS ALTER,2014,G,101,2.99,13.99
265,DYING MAKER,2011,PG,168,4.99,28.99
266,DYNAMITE TARZAN,2021,PG-13,141,0.99,27.99
267,EAGLES PANKY,2022,NC-17,140,4.99,14.99
268,EARLY HOME,2007,NC-17,96,4.99,27.99
269,EARRING INSTINCT,2024,R,98,0.99,22.99
270,EARTH VISION,2009,NC-17,85,0.99,29.99
271,EASY GLADIATOR,2017,G,148,4.99,12.99
272,EDGE KISSING,2016,NC-17,153,4.99,9.99
273,EFFECT GLADIATOR,2024,PG,107,0.99,14.99
274,EGG IGBY,2006,PG,67,2.99,20.99
275,EGYPT TENENBAUMS,2015,PG,85,0.99,11.99
276,ELEMENT FREDDY,2023,NC-17,115,4.99,28.99
277,ELEPHANT TROJAN,2018,PG-13,126,4.99,24.99
278,ELF MURDER,2023,NC-17,155,4.99,19.99
279,ELIZABETH SHANE,2012,NC-17,152,4.99,11.99
280,EMPIRE MALKOVICH,2020,G,177,0.99,26.99
281,ENCINO ELF,2007,G,143,0.99,9.99
282,ENCOUNTERS CURTAIN,2014,NC-17,92,0.99,20.99
283,ENDING CROWDS,2018,NC-17,85,0.99,10.99
284,ENEMY ODDS,2016,NC-17,77,4.99,23.99
285,ENGLISH BULWORTH,2006,PG-13,51,0.99,18.99
286,ENOUGH RAGING,2019,NC-17,158,2.99,16.99
287,ENTRAPMENT SATISFACTION,2016,R,176,0.99,19.99
288,ESCAPE METROPOLIS,2024,R,167,2.99,20.99
289,EVE RESURRECTION,2021,G,66,4.99,25.99
290,EVERYONE CRAFT,2010,PG,163,0.99,29.99
291,EVOLUTION ALTER,2021,PG-13,174,0.99,10.99
292,EXCITEMENT EVE,2018,G,51,0.99,20.99
293,EXORCIST STING,2010,G,167,2.99,17.99
294,EXPECATIONS NATURAL,2012,PG-13,138,4.99,26.99
295,EXPENDABLE STALLION,2012,PG,97,0.99,14.99
296,EXPRESS LONELY,2007,R,178,2.99,23.99
297,EXTRAORDINARY CONQUERER,2020,G,122,2.99,29.99
298,EYES DRIVING,2013,PG-13,172,2.99,13.99
299,FACTORY DRAGON,2022,PG-13,144,0.99,9.99
300,FALCON VOLUME,2011,PG-13,102,4.99,21.99
301,FAMILY SWEET,2020,R,155,0.99,24.99
302,FANTASIA PARK,2013,G,131,2.99,29.99
303,FANTASY TROOPERS,2018,PG-13,58,0.99,27.99
304,FARGO GANDHI,2022,G,130,2.99,28.99
305,FATAL HAUNTED,2017,PG,91,2.99,24.99
306,FEATHERS METAL,2012,PG-13,104,0.99,12.99
307,FELLOWSHIP AUTUMN,2011,NC-17,77,4.99,9.99
308,FERRIS MOTHER,2021,PG,142,2.99,13.99
309,FEUD FROGMEN,2019,R,98,0.99,29.99
310,FEVER EMPIRE,2017,R,158,4.99,20.99
311,FICTION CHRISTMAS,2012,PG,72,0.99,14.99
312,FIDDLER LOST,2014,R,75,4.99,20.99
313,FIDELITY DEVIL,2018,G,118,4.99,11.99
314,FIGHT JAWBREAKER,2009,R,91,0.99,13.99
315,FINDING ANACONDA,2011,R,156,0.99,10.99
316,FIRE WOLVES,2015,R,173,4.99,18.99
317,FIREBALL PHILADELPHIA,2020,PG,148,0.99,25.99
318,FIREHOUSE VIETNAM,2010,G,103,0.99,14.99
319,FISH OPUS,2018,R,125,2.99,22.99
320,FLAMINGOS CONNECTICUT,2007,PG-13,80,4.99,28.99
321,FLASH WARS,2011,NC-17,123,4.99,21.99
322,FLATLINERS KILLER,2015,G,100,2.99,29.99
323,FLIGHT LIES,2016,R,179,4.99,22.99
324,FLINTSTONES HAPPINESS,2014,PG-13,148,4.99,11.99
325,FLOATS GARDEN,2018,PG-13,145,2.99,29.99
326,FLYING HOOK,2013,NC-17,69,2.99,18.99
327,FOOL MOCKINGBIRD,2006,PG,158,4.99,24.99
328,FOREVER CANDIDATE,2009,NC-17,131,2.99,28.99
329,FORREST SONS,2010,R,63,2.99,15.99
330,FORRESTER COMANCHEROS,2018,NC-17,112,4.99,22.99
331,FORWARD TEMPLE,2011,NC-17,90,2.99,25.99
332,FRANKENSTEIN STRANGER,2016,NC-17,159,0.99,16.99
333,FREAKY POCUS,2024,R,126,2.99,16.99
334,FREDDY STORM,2019,NC-17,65,4.99,21.99
335,FREEDOM CLEOPATRA,2008,PG-13,133,0.99,23.99
336,FRENCH HOLIDAY,2017,PG,99,4.99,22.99
337,FRIDA SLIPPER,2011,R,73,2.99,11.99
338,FRISCO FORREST,2011,PG,51,4.99,23.99
339,FROGMEN BREAKING,2012,R,111,0.99,17.99
340,FRONTIER CABIN,2013,PG-13,183,4.99,14.99
341,FROST HEAD,2007,PG,82,0.99,13.99
342,FUGITIVE MAGUIRE,2011,R,83,4.99,28.99
343,FULL FLATLINERS,2016,PG,94,2.99,14.99
344,FURY MURDER,2018,PG-13,178,0.99,28.99
345,GABLES METROPOLIS,2013,PG,161,0.99,17.99
346,GALAXY SWEETHEARTS,2011,R,128,4.99,13.99
347,GAMES BOWFINGER,2023,PG-13,119,4.99,17.99
348,GANDHI KWAI,2015,PG-13,86,0.99,9.99
349,GANGS PRIDE,2012,PG-13,185,2.99,27.99
350,GARDEN ISLAND,2013,G,80,4.99,21.99
351,GASLIGHT CRUSADE,2018,PG,106,2.99,10.99
352,GATHERING CALENDAR,2010,PG-13,176,0.99,22.99
353,GENTLEMEN STAGE,2011,NC-17,125,2.99,22.99
354,GHOST GROUNDHOG,2019,G,85,4.99,18.99
355,GHOSTBUSTERS ELF,2007,R,101,0.99,18.99
356,GIANT TROOPERS,2006,R,102,2.99,10.99
357,GILBERT PELICAN,2019,G,114,0.99,13.99
358,GILMORE BOILED,2011,R,163,0.99,29.99
359,GLADIATOR WESTWARD,2020,PG,173,4.99,20.99
360,GLASS DYING,2008,G,103,0.99,24.99
361,GLEAMING JAWBREAKER,2016,NC-17,89,2.99,25.99
362,GLORY TRACY,2018,PG-13,115,2.99,13.99
363,GO PURPLE,2015,R,54,0.99,12.99
364,GODFATHER DIARY,2012,NC-17,73,2.99,14.99
365,GOLD RIVER,2021,R,154,4.99,21.99
366,GOLDFINGER SENSIBILITY,2022,G,93,0.99,29.99
367,GOLDMINE TYCOON,2016,R,153,0.99,20.99
368,GONE TROUBLE,2021,R,84,2.99,20.99
369,GOODFELLAS SALUTE,2021,PG,56,4.99,22.99
370,GORGEOUS BINGO,2019,R,108,2.99,26.99
371,GOSFORD DONNIE,2014,G,129,4.99,17.99
372,GRACELAND DYNAMITE,2007,R,140,4.99,26.99
373,GRADUATE LORD,2006,G,156,2.99,14.99
374,GRAFFITI LOVE,2013,PG,117,0.99,29.99
375,GRAIL FRANKENSTEIN,2006,NC-17,85,2.99,17.99
376,GRAPES FURY,2010,G,155,0.99,20.99
377,GREASE YOUTH,2023,G,135,0.99,20.99
378,GREATEST NORTH,2014,NC-17,93,2.99,24.99
379,GREEDY ROOTS,2023,R,166,0.99,14.99
380,GREEK EVERYONE,2018,PG,176,2.99,11.99
381,GRINCH MASSAGE,2008,R,150,4.99,25.99
382,GRIT CLOCKWORK,2017,PG,137,0.99,21.99
383,GROOVE FICTION,2009,NC-17,111,0.99,13.99
384,GROSSE WONDERFUL,2024,R,49,4.99,19.99
385,GROUNDHOG UNCUT,2023,PG-13,139,4.99,26.99
386,GUMP DATE,2023,NC-17,53,4.99,12.99
387,GUN BONNIE,2020,G,100,0.99,27.99
388,GUNFIGHT MOON,2020,NC-17,70,0.99,16.99
389,GUNFIGHTER MUSSOLINI,2023,PG-13,127,2.99,9.99
390,GUYS FALCON,2023,R,84,4.99,20.99
391,HALF OUTFIELD,2006,PG-13,146,2.99,25.99
392,HALL CASSIDY,2019,NC-17,51,4.99,13.99
393,HALLOWEEN NUTS,2021,PG-13,47,2.99,19.99
394,HAMLET WISDOM,2010,R,146,2.99,21.99
395,HANDICAP BOONDOCK,2015,R,108,0.99,28.99
396,HANGING DEEP,2023,G,62,4.99,18.99
397,HANKY OCTOBER,2020,NC-17,107,2.99,26.99
398,HANOVER GALAXY,2016,NC-17,47,4.99,21.99
399,HAPPINESS UNITED,2024,G,100,2.99,23.99
400,HARDLY ROBBERS,2021,R,72,2.99,15.99
401,HAROLD FRENCH,2016,NC-17,168,0.99,10.99
402,HARPER DYING,2007,G,52,0.99,15.99
403,HARRY IDAHO,2016,PG-13,121,4.99,18.99
404,HATE HANDICAP,2020,PG,107,0.99,26.99
405,HAUNTED ANTITRUST,2019,NC-17,76,4.99,13.99
406,HAUNTING PIANIST,2021,R,181,0.99,22.99
407,HAWK CHILL,2008,PG-13,47,0.99,12.99
408,HEAD STRANGER,2009,R,69,4.99,28.99
409,HEARTBREAKERS BRIGHT,2006,G,59,4.99,9.99
410,HEAVEN FREEDOM,2015,PG,48,2.99,19.99
411,HEAVENLY GUN,2016,NC-17,49,4.99,13.99
412,HEAVYWEIGHTS BEAST,2022,G,102,4.99,25.99
413,HEDWIG ALTER,2018,NC-17,169,2.99,16.99
414,HELLFIGHTERS SIERRA,2015,PG,75,2.99,23.99
415,HIGH ENCINO,2021,R,84,2.99,23.99
416,HIGHBALL POTTER,2011,R,110,0.99,10.99
417,HILLS NEIGHBORS,2012,G,93,0.99,29.99
418,HOBBIT ALIEN,2019,PG-13,157,0.99,27.99
419,HOCUS FRIDA,2007,G,141,2.99,19.99
420,HOLES BRANNIGAN,2019,PG,128,4.99,27.99
421,HOLIDAY GAMES,2019,PG-13,78,4.99,10.99
422,HOLLOW JEOPARDY,2024,NC-17,136,4.99,25.99
423,HOLLYWOOD ANONYMOUS,2018,PG,69,0.99,29.99
424,HOLOCAUST HIGHBALL,2008,R,149,0.99,12.99
425,HOLY TADPOLE,2022,R,88,0.99,20.99
426,HOME PITY,2009,R,185,4.99,15.99
427,HOMEWARD CIDER,2010,R,103,0.99,19.99
428,HOMICIDE PEACH,2021,PG-13,141,2.99,21.99
429,HONEY TIES,2013,R,84,0.99,29.99
430,HOOK CHARIOTS,2018,G,49,0.99,23.99
431,HOOSIERS BIRDCAGE,2016,G,176,2.99,12.99
432,HOPE TOOTSIE,2023,NC-17,139,2.99,22.99
433,HORN WORKING,2017,PG,95,2.99,23.99
434,HORROR REIGN,2016,R,139,0.99,25.99
435,HOTEL HAPPINESS,2012,PG-13,181,4.99,28.99
436,HOURS RAGE,2007,NC-17,122,0.99,14.99
437,HOUSE DYNAMITE,2013,R,109,2.99,13.99
438,HUMAN GRAFFITI,2017,NC-17,68,2.99,22.99
439,HUNCHBACK IMPOSSIBLE,2007,PG-13,151,4.99,28.99
440,HUNGER ROOF,2006,G,105,0.99,21.99
441,HUNTER ALTER,2016,PG-13,125,2.99,21.99
442,HUNTING MUSKETEERS,2008,NC-17,65,2.99,24.99
443,HURRICANE AFFAIR,2021,PG,49,2.99,11.99
444,HUSTLER PARTY,2006,NC-17,83,4.99,22.99
445,HYDE DOCTOR,2008,G,100,2.99,11.99
446,HYSTERICAL GRAIL,2007,PG,150,4.99,19.99
447,ICE CROSSING,2010,R,131,2.99,28.99
448,IDAHO LOVE,2020,PG-13,172,2.99,25.99
449,IDENTITY LOVER,2009,PG-13,119,2.99,12.99
450,IDOLS SNATCHERS,2014,NC-17,84,2.99,29.99
451,IGBY MAKER,2010,NC-17,160,4.99,12.99
452,ILLUSION AMELIE,2018,R,122,0.99,15.99
453,IMAGE PRINCESS,2018,PG-13,178,2.99,17.99
454,IMPACT ALADDIN,2013,PG-13,180,0.99,20.99
455,IMPOSSIBLE PREJUDICE,2010,NC-17,103,4.99,11.99
456,INCH JET,2010,NC-17,167,4.99,18.99
457,INDEPENDENCE HOTEL,2016,NC-17,157,0.99,21.99
458,INDIAN LOVE,2020,NC-17,135,0.99,26.99
459,INFORMER DOUBLE,2017,NC-17,74,4.99,23.99
460,INNOCENT USUAL,2014,PG-13,178,4.99,26.99
461,INSECTS STONE,2011,NC-17,123,0.99,14.99
462,INSIDER ARIZONA,2011,NC-17,78,2.99,17.99
463,INSTINCT AIRPORT,2020,PG,116,2.99,21.99
464,INTENTIONS EMPIRE,2008,PG-13,107,2.99,13.99
465,INTERVIEW LIAISONS,2021,R,59,4.99,17.99
466,INTOLERABLE INTENTIONS,2014,PG-13,63,4.99,20.99
467,INTRIGUE WORST,2006,G,181,0.99,10.99
468,INVASION CYCLONE,2022,PG,97,2.99,12.99
469,IRON MOON,2024,PG,46,4.99,27.99
470,ISHTAR ROCKETEER,2020,R,79,4.99,24.99
471,ISLAND EXORCIST,2008,NC-17,84,2.99,23.99
472,ITALIAN AFRICAN,2014,G,174,4.99,24.99
473,JACKET FRISCO,2015,PG-13,181,2.99,16.99
474,JADE BUNCH,2020,NC-17,174,2.99,21.99
475,JAPANESE RUN,2009,G,135,0.99,29.99
476,JASON TRAP,2021,NC-17,130,2.99,9.99
477,JAWBREAKER BROOKLYN,2008,PG,118,0.99,15.99
478,JAWS HARRY,2019,G,112,2.99,10.99
479,JEDI BENEATH,2015,PG,128,0.99,12.99
480,JEEPERS WEDDING,2014,R,84,2.99,29.99
481,JEKYLL FROGMEN,2017,PG,58,2.99,22.99
482,JEOPARDY ENCINO,2008,R,102,0.99,12.99
483,JERICHO MULAN,2016,NC-17,171,2.99,29.99
484,JERK PAYCHECK,2021,NC-17,172,2.99,13.99
485,JERSEY SASSY,2009,PG,60,4.99,16.99
486,JET NEIGHBORS,2006,R,59,4.99,14.99
487,JINGLE SAGEBRUSH,2022,PG-13,124,4.99,29.99
488,JOON NORTHWEST,2023,NC-17,105,0.99,23.99
489,JUGGLER HARDLY,2017,PG-13,54,0.99,14.99
490,JUMANJI BLADE,2015,G,121,2.99,13.99
491,JUMPING WRATH,2019,NC-17,74,0.99,18.99
492,JUNGLE CLOSER,2019,NC-17,134,0.99,11.99
493,KANE EXORCIST,2022,R,92,0.99,18.99
494,KARATE MOON,2009,PG-13,120,0.99,21.99
495,KENTUCKIAN GIANT,2016,PG,169,2.99,10.99
496,KICK SAVANNAH,2016,PG-13,179,0.99,10.99
497,KILL BROTHERHOOD,2007,G,54,0.99,15.99
498,KILLER INNOCENT,2014,R,161,2.99,11.99
499,KING EVOLUTION,2023,NC-17,184,4.99,24.99
500,KISS GLORY,2006,PG-13,163,4.99,11.99
501,KISSING DOLLS,2007,R,141,4.99,9.99
502,KNOCK WARLOCK,2016,PG-13,71,2.99,21.99
503,KRAMER CHOCOLATE,2006,R,171,2.99,24.99
504,KWAI HOMEWARD,2017,PG-13,46,0.99,25.99
505,LABYRINTH LEAGUE,2017,PG-13,46,2.99,24.99
506,LADY STAGE,2015,PG,67,4.99,14.99
507,LADYBUGS ARMAGEDDON,2021,NC-17,113,0.99,13.99
508,LAMBS CINCINATTI,2020,PG-13,144,4.99,18.99
509,LANGUAGE COWBOY,2018,NC-17,78,0.99,26.99
510,LAWLESS VISION,2015,G,181,4.99,29.99
511,LAWRENCE LOVE,2016,NC-17,175,0.99,23.99
512,LEAGUE HELLFIGHTERS,2020,PG-13,110,4.99,25.99
513,LEATHERNECKS DWARFS,2021,PG-13,153,2.99,21.99
514,LEBOWSKI SOLDIERS,2018,PG-13,69,2.99,17.99
515,LEGALLY SECRETARY,2022,PG,113,4.99,14.99
516,LEGEND JEDI,2016,PG,59,0.99,18.99
517,LESSON CLEOPATRA,2007,NC-17,167,0.99,28.99
518,LIAISONS SWEET,2022,PG,140,4.99,15.99
519,LIBERTY MAGNIFICENT,2018,G,138,2.99,27.99
520,LICENSE WEEKEND,2018,NC-17,91,2.99,28.99
521,LIES TREATMENT,2006,NC-17,147,4.99,28.99
522,LIFE TWISTED,2013,NC-17,137,2.99,9.99
523,LIGHTS DEER,2023,R,174,0.99,21.99
524,LION UNCUT,2020,PG,50,0.99,13.99
525,LOATHING LEGALLY,2018,R,140,0.99,29.99
526,LOCK REAR,2021,R,120,2.99,10.99
527,LOLA AGENT,2006,PG,85,4.99,24.99
528,LOLITA WORLD,2019,NC-17,155,2.99,25.99
529,LONELY ELEPHANT,2006,G,67,2.99,12.99
530,LORD ARIZONA,2023,PG-13,108,2.99,27.99
531,LOSE INCH,2011,R,137,0.99,18.99
532,LOSER HUSTLER,2016,PG,80,4.99,28.99
533,LOST BIRD,2019,PG-13,98,2.99,21.99
534,LOUISIANA HARRY,2014,PG-13,70,0.99,18.99
535,LOVE SUICIDES,2020,R,181,0.99,21.99
536,LOVELY JINGLE,2018,PG,65,2.99,18.99
537,LOVER TRUMAN,2012,G,75,2.99,29.99
538,LOVERBOY ATTACKS,2017,PG-13,162,0.99,19.99
539,LUCK OPUS,2024,NC-17,152,2.99,21.99
540,LUCKY FLYING,2021,PG-13,97,2.99,10.99
541,LUKE MUMMY,2007,NC-17,74,2.99,21.99
542,LUST LOCK,2010,G,52,2.99,28.99
543,MADIGAN DORADO,2020,R,116,4.99,20.99
544,MADISON TRAP,2009,R,147,2.99,11.99
545,MADNESS ATTACKS,2016,PG-13,178,0.99,14.99
546,MADRE GABLES,2021,PG-13,98,2.99,27.99
547,MAGIC MALLRATS,2011,PG,117,0.99,19.99
548,MAGNIFICENT CHITTY,2022,R,53,2.99,27.99
549,MAGNOLIA FORRESTER,2013,PG-13,171,0.99,28.99
550,MAGUIRE APACHE,2021,NC-17,74,2.99,22.99
551,MAIDEN HOME,2020,PG,138,4.99,9.99
552,MAJESTIC FLOATS,2015,PG,130,0.99,15.99
553,MAKER GABLES,2014,PG-13,136,0.99,12.99
554,MALKOVICH PET,2023,G,159,2.99,22.99
555,MALLRATS UNITED,2020,PG,133,0.99,25.99
556,MALTESE HOPE,2012,PG-13,127,4.99,26.99
557,MANCHURIAN CURTAIN,2013,PG,177,2.99,27.99
558,MANNEQUIN WORST,2018,PG-13,71,2.99,18.99
559,MARRIED GO,2020,G,114,2.99,22.99
560,MARS ROMAN,2024,NC-17,62,0.99,21.99
561,MASK PEACH,2012,NC-17,123,2.99,26.99
562,MASKED BUBBLE,2022,PG-13,151,0.99,12.99
563,MASSACRE USUAL,2020,R,165,4.99,16.99
564,MASSAGE IMAGE,2022,PG,161,2.99,11.99
565,MATRIX SNOWMAN,2010,PG-13,56,4.99,9.99
566,MAUDE MOD,2017,R,72,0.99,20.99
567,MEET CHOCOLATE,2023,G,80,2.99,26.99
568,MEMENTO ZOOLANDER,2014,NC-17,77,4.99,11.99
569,MENAGERIE RUSHMORE,2019,G,147,2.99,18.99
570,MERMAID INSECTS,2012,NC-17,104,4.99,20.99
571,METAL ARMAGEDDON,2009,PG-13,161,2.99,26.99
572,METROPOLIS COMA,2006,PG-13,64,2.99,9.99
573,MICROCOSMOS PARADISE,2023,PG-13,105,2.99,22.99
574,MIDNIGHT WESTWARD,2018,G,86,0.99,19.99
575,MIDSUMMER GROUNDHOG,2015,G,48,4.99,27.99
576,MIGHTY LUCK,2020,PG,122,2.99,13.99
577,MILE MULAN,2022,PG,64,0.99,10.99
578,MILLION ACE,2022,PG-13,142,4.99,16.99
579,MINDS TRUMAN,2014,PG-13,149,4.99,22.99
580,MINE TITANS,2012,PG-13,166,4.99,12.99
581,MINORITY KISS,2023,G,59,0.99,16.99
582,MIRACLE VIRTUAL,2009,PG-13,162,2.99,19.99
583,MISSION ZOOLANDER,2017,PG-13,164,4.99,26.99
584,MIXED DOORS,2007,PG-13,180,2.99,26.99
585,MOB DUFFEL,2006,G,105,0.99,25.99
586,MOCKINGBIRD HOLLYWOOD,2019,PG,60,0.99,27.99
587,MOD SECRETARY,2022,NC-17,77,4.99,20.99
588,MODEL FISH,2015,NC-17,175,4.99,11.99
589,MODERN DORADO,2019,PG,74,0.99,20.99
590,MONEY HAROLD,2009,PG,135,2.99,17.99
591,MONSOON CAUSE,2009,PG,182,4.99,20.99
592,MONSTER SPARTACUS,2009,PG,107,2.99,28.99
593,MONTEREY LABYRINTH,2022,G,158,0.99,13.99
594,MONTEZUMA COMMAND,2018,NC-17,126,0.99,22.99
595,MOON BUNCH,2022,PG,83,0.99,20.99
596,MOONSHINE CABIN,2012,PG-13,171,4.99,25.99
597,MOONWALKER FOOL,2022,G,184,4.99,12.99
598,MOSQUITO ARMAGEDDON,2016,G,57,0.99,22.99
599,MOTHER OLEANDER,2019,R,103,0.99,20.99
600,MOTIONS DETAILS,2007,PG,166,0.99,16.99
601,MOULIN WAKE,2015,PG-13,79,0.99,20.99
602,MOURNING PURPLE,2006,PG,146,0.99,14.99
603,MOVIE SHAKESPEARE,2017,PG,53,4.99,27.99
604,MULAN MOON,2021,G,160,0.99,10.99
605,MULHOLLAND BEAST,2024,PG,157,2.99,13.99
606,MUMMY CREATURES,2024,NC-17,160,0.99,15.99
607,MUPPET MILE,2018,PG,50,4.99,18.99
608,MURDER ANTITRUST,2019,PG,166,2.99,11.99
609,MUSCLE BRIGHT,2020,G,185,2.99,23.99
610,MUSIC BOONDOCK,2019,R,129,0.99,17.99
611,MUSKETEERS WAIT,2006,PG,73,4.99,17.99
612,MUSSOLINI SPOILERS,2016,G,180,2.99,10.99
613,MYSTIC TRUMAN,2023,NC-17,92,0.99,19.99
614,NAME DETECTIVE,2018,PG-13,178,4.99,11.99
615,NASH CHOCOLAT,2013,PG-13,180,2.99,21.99
616,NATIONAL STORY,2007,NC-17,92,2.99,19.99
617,NATURAL STOCK,2009,PG-13,50,0.99,24.99
618,NECKLACE OUTBREAK,2015,PG,132,0.99,21.99
619,NEIGHBORS CHARADE,2012,R,161,0.99,20.99
620,NEMO CAMPUS,2013,NC-17,131,2.99,23.99
621,NETWORK PEAK,2020,PG-13,75,2.99,23.99
622,NEWSIES STORY,2020,G,159,0.99,25.99
623,NEWTON LABYRINTH,2019,PG,75,0.99,9.99
624,NIGHTMARE CHILL,2015,PG,149,4.99,25.99
625,NONE SPIKING,2015,NC-17,83,0.99,18.99
626,NOON PAPI,2020,G,57,2.99,12.99
627,NORTH TEQUILA,2017,NC-17,67,4.99,9.99
628,NORTHWEST POLISH,2016,PG,172,2.99,24.99
629,NOTORIOUS REUNION,2012,NC-17,128,0.99,9.99
630,NOTTING SPEAKEASY,2006,PG-13,48,0.99,19.99
631,NOVOCAINE FLIGHT,2012,G,64,0.99,11.99
632,NUTS TIES,2010,NC-17,145,4.99,10.99
633,OCTOBER SUBMARINE,2022,PG-13,54,4.99,10.99
634,ODDS BOOGIE,2009,NC-17,48,0.99,14.99
635,OKLAHOMA JUMANJI,2022,PG,58,0.99,15.99
636,OLEANDER CLUE,2007,PG,161,0.99,12.99
637,OPEN AFRICAN,2017,PG,131,4.99,16.99
638,OPERATION OPERATION,2019,G,156,2.99,23.99
639,OPPOSITE NECKLACE,2006,PG,92,4.99,9.99
640,OPUS ICE,2014,R,102,4.99,21.99
641,ORANGE GRAPES,2009,PG-13,76,0.99,21.99
642,ORDER BETRAYED,2022,PG-13,120,2.99,13.99
643,ORIENT CLOSER,2020,R,118,2.99,22.99
644,OSCAR GOLD,2010,PG,115,2.99,29.99
645,OTHERS SOUP,2010,PG,118,2.99,18.99
646,OUTBREAK DIVINE,2009,NC-17,169,0.99,12.99
647,OUTFIELD MASSACRE,2017,NC-17,129,0.99,18.99
648,OUTLAW HANKY,2011,PG-13,148,4.99,17.99
649,OZ LIAISONS,2024,R,85,2.99,14.99
650,PACIFIC AMISTAD,2006,G,144,0.99,27.99
651,PACKER MADIGAN,2008,PG-13,84,0.99,20.99
652,PAJAMA JAWBREAKER,2016,R,126,0.99,14.99
653,PANIC CLUB,2016,G,102,4.99,15.99
654,PANKY SUBMARINE,2009,G,93,4.99,19.99
655,PANTHER REDS,2016,NC-17,109,4.99,22.99
656,PAPI NECKLACE,2019,PG,128,0.99,9.99
657,PARADISE SABRINA,2018,PG-13,48,2.99,12.99
658,PARIS WEEKEND,2022,PG-13,121,2.99,19.99
659,PARK CITIZEN,2012,PG-13,109,4.99,14.99
660,PARTY KNOCK,2010,PG,107,2.99,11.99
661,PAST SUICIDES,2006,PG-13,157,4.99,17.99
662,PATHS CONTROL,2021,PG,118,4.99,9.99
663,PATIENT SISTER,2013,NC-17,99,0.99,29.99
664,PATRIOT ROMAN,2013,PG,65,2.99,12.99
665,PATTON INTERVIEW,2017,PG,175,2.99,22.99
666,PAYCHECK WAIT,2020,PG-13,145,4.99,27.99
667,PEACH INNOCENT,2024,PG-13,160,2.99,20.99
668,PEAK FOREVER,2024,PG,80,4.99,25.99
669,PEARL DESTINY,2010,NC-17,74,2.99,10.99
670,PELICAN COMFORTS,2016,PG,48,4.99,17.99
671,PERDITION FARGO,2023,NC-17,99,4.99,27.99
672,PERFECT GROOVE,2020,PG-13,82,2.99,17.99
673,PERSONAL LADYBUGS,2008,PG-13,118,0.99,19.99
674,PET HAUNTING,2013,PG,99,0.99,11.99
675,PHANTOM GLORY,2019,NC-17,60,2.99,17.99
676,PHILADELPHIA WIFE,2023,PG-13,137,4.99,16.99
677,PIANIST OUTFIELD,2012,NC-17,136,0.99,25.99
678,PICKUP DRIVING,2017,G,77,2.99,23.99
679,PILOT HOOSIERS,2007,PG,50,2.99,17.99
680,PINOCCHIO SIMON,2016,PG,103,4.99,21.99
681,PIRATES ROXANNE,2018,PG,100,0.99,20.99
682,PITTSBURGH HUNCHBACK,2014,PG-13,134,4.99,17.99
683,PITY BOUND,2023,NC-17,60,4.99,19.99
684,PIZZA JUMANJI,2006,NC-17,173,2.99,11.99
685,PLATOON INSTINCT,2022,PG-13,132,4.99,10.99
686,PLUTO OLEANDER,2020,R,84,4.99,9.99
687,POCUS PULP,2023,NC-17,138,0.99,15.99
688,POLISH BROOKLYN,2024,PG,61,0.99,12.99
689,POLLOCK DELIVERANCE,2008,PG,137,2.99,14.99
690,POND SEATTLE,2021,PG-13,185,2.99,25.99
691,POSEIDON FOREVER,2024,PG-13,159,4.99,29.99
692,POTLUCK MIXED,2010,G,179,2.99,10.99
693,POTTER CONNECTICUT,2022,PG,115,2.99,16.99
694,PREJUDICE OLEANDER,2018,PG-13,98,4.99,15.99
695,PRESIDENT BANG,2018,PG,144,4.99,12.99
696,PRIDE ALAMO,2007,NC-17,114,0.99,20.99
697,PRIMARY GLASS,2022,G,53,0.99,16.99
698,PRINCESS GIANT,2024,NC-17,71,2.99,29.99
699,PRIVATE DROP,2015,PG,106,4.99,26.99
700,PRIX UNDEFEATED,2017,R,115,2.99,13.99
701,PSYCHO SHRUNK,2013,PG-13,155,2.99,11.99
702,PULP BEVERLY,2021,G,89,2.99,12.99
703,PUNK DIVORCE,2021,PG,100,4.99,18.99
704,PURE RUNNER,2019,NC-17,121,2.99,25.99
705,PURPLE MOVIE,2016,R,88,2.99,9.99
706,QUEEN LUKE,2018,PG,163,4.99,22.99
707,QUEST MUSSOLINI,2016,R,177,2.99,29.99
708,QUILLS BULL,2019,R,112,4.99,19.99
709,RACER EGG,2011,NC-17,147,2.99,19.99
710,RAGE GAMES,2021,R,120,4.99,18.99
711,RAGING AIRPLANE,2024,R,154,4.99,18.99
712,RAIDERS ANTITRUST,2016,PG-13,82,0.99,11.99
713,RAINBOW SHOCK,2011,PG,74,4.99,14.99
714,RANDOM GO,2021,NC-17,73,2.99,29.99
715,RANGE MOONWALKER,2019,PG,147,4.99,25.99
716,REAP UNFAITHFUL,2019,PG-13,136,2.99,26.99
717,REAR TRADING,2013,NC-17,97,0.99,23.99
718,REBEL AIRPORT,2024,G,73,0.99,24.99
719,RECORDS ZORRO,2021,PG,182,4.99,11.99
720,REDEMPTION COMFORTS,2019,NC-17,179,2.99,20.99
721,REDS POCUS,2024,PG-13,182,4.99,23.99
722,REEF SALUTE,2016,NC-17,123,0.99,26.99
723,REIGN GENTLEMEN,2013,PG-13,82,2.99,29.99
724,REMEMBER DIARY,2017,R,110,2.99,15.99
725,REQUIEM TYCOON,2022,R,167,4.99,25.99
726,RESERVOIR ADAPTATION,2013,PG-13,61,2.99,29.99
727,RESURRECTION SILVERADO,2009,PG,117,0.99,12.99
728,REUNION WITCHES,2018,R,63,0.99,26.99
729,RIDER CADDYSHACK,2010,PG,177,2.99,28.99
730,RIDGEMONT SUBMARINE,2008,PG-13,46,0.99,28.99
731,RIGHT CRANES,2022,PG-13,153,4.99,29.99
732,RINGS HEARTBREAKERS,2014,G,58,0.99,17.99
733,RIVER OUTLAW,2015,PG-13,149,0.99,29.99
734,ROAD ROXANNE,2017,R,158,4.99,12.99
735,ROBBERS JOON,2012,PG-13,102,2.99,26.99
736,ROBBERY BRIGHT,2019,R,134,0.99,21.99
737,ROCK INSTINCT,2021,G,102,0.99,28.99
738,ROCKETEER MOTHER,2016,PG-13,178,0.99,27.99
739,ROCKY WAR,2009,PG-13,145,4.99,17.99
740,ROLLERCOASTER BRINGING,2022,PG-13,153,2.99,13.99
741,ROMAN PUNK,2014,NC-17,81,0.99,28.99
742,ROOF CHAMPION,2010,R,101,0.99,25.99
743,ROOM ROMAN,2022,PG,60,0.99,27.99
744,ROOTS REMEMBER,2014,PG-13,89,0.99,23.99
745,ROSES TREASURE,2006,PG-13,162,4.99,23.99
746,ROUGE SQUAD,2009,NC-17,118,0.99,10.99
747,ROXANNE REBEL,2015,R,171,0.99,9.99
748,RUGRATS SHAKESPEARE,2016,PG-13,109,0.99,16.99
749,RULES HUMAN,2018,R,153,4.99,19.99
750,RUN PACIFIC,2017,R,145,0.99,25.99
751,RUNAWAY TENENBAUMS,2023,NC-17,181,0.99,17.99
752,RUNNER MADIGAN,2007,NC-17,101,0.99,27.99
753,RUSH GOODFELLAS,2015,PG,48,0.99,20.99
754,RUSHMORE MERMAID,2024,PG-13,150,2.99,17.99
755,SABRINA MIDNIGHT,2022,PG,99,4.99,11.99
756,SADDLE ANTITRUST,2023,PG-13,80,2.99,10.99
757,SAGEBRUSH CLUELESS,2021,G,106,2.99,28.99
758,SAINTS BRIDE,2017,G,125,2.99,11.99
759,SALUTE APOLLO,2020,R,73,2.99,29.99
760,SAMURAI LION,2021,G,110,2.99,21.99
761,SANTA PARIS,2007,PG,154,2.99,23.99
762,SASSY PACKER,2012,G,154,0.99,29.99
763,SATISFACTION CONFIDENTIAL,2007,G,75,4.99,26.99
764,SATURDAY LAMBS,2006,G,150,4.99,28.99
765,SATURN NAME,2008,R,182,4.99,18.99
766,SAVANNAH TOWN,2012,PG-13,84,0.99,25.99
767,SCALAWAG DUCK,2015,NC-17,183,4.99,13.99
768,SCARFACE BANG,2013,PG-13,102,4.99,11.99
769,SCHOOL JACKET,2014,PG-13,151,4.99,21.99
770,SCISSORHANDS SLUMS,2015,G,147,2.99,13.99
771,SCORPION APOLLO,2006,NC-17,137,4.99,23.99
772,SEA VIRGIN,2012,PG,80,2.99,24.99
773,SEABISCUIT PUNK,2008,NC-17,112,2.99,28.99
774,SEARCHERS WAIT,2024,NC-17,182,2.99,22.99
775,SEATTLE EXPECATIONS,2012,PG-13,110,4.99,18.99
776,SECRET GROUNDHOG,2011,PG,90,4.99,11.99
777,SECRETARY ROUGE,2018,PG,158,4.99,10.99
778,SECRETS PARADISE,2016,G,109,4.99,24.99
779,SENSE GREEK,2011,R,54,4.99,23.99
780,SENSIBILITY REAR,2010,PG,98,4.99,15.99
781,SEVEN SWARM,2021,R,127,4.99,15.99
782,SHAKESPEARE SADDLE,2020,PG-13,60,2.99,26.99
783,SHANE DARKNESS,2011,PG,93,2.99,22.99
784,SHANGHAI TYCOON,2018,PG,47,2.99,20.99
785,SHAWSHANK BUBBLE,2011,PG,80,4.99,20.99
786,SHEPHERD MIDSUMMER,2015,R,113,0.99,14.99
787,SHINING ROSES,2024,G,125,0.99,12.99
788,SHIP WONDERLAND,2015,R,104,2.99,15.99
789,SHOCK CABIN,2013,PG-13,79,2.99,15.99
790,SHOOTIST SUPERFLY,2018,PG-13,67,0.99,22.99
791,SHOW LORD,2024,PG-13,167,4.99,24.99
792,SHREK LICENSE,2016,PG-13,154,2.99,15.99
793,SHRUNK DIVINE,2006,R,139,2.99,14.99
794,SIDE ARK,2008,G,52,0.99,28.99
795,SIEGE MADRE,2022,R,111,0.99,23.99
796,SIERRA DIVIDE,2018,NC-17,135,0.99,12.99
797,SILENCE KANE,2014,R,67,0.99,23.99
798,SILVERADO GOLDFINGER,2013,PG,74,4.99,11.99
799,SIMON NORTH,2017,NC-17,51,0.99,26.99
800,SINNERS ATLANTIS,2006,PG-13,126,2.99,19.99
801,SISTER FREDDY,2022,PG-13,152,4.99,19.99
802,SKY MIRACLE,2011,PG,132,2.99,15.99
803,SLACKER LIAISONS,2010,R,179,4.99,29.99
804,SLEEPING SUSPECTS,2013,PG-13,129,4.99,13.99
805,SLEEPLESS MONSOON,2011,G,64,4.99,12.99
806,SLEEPY JAPANESE,2023,PG,137,2.99,25.99
807,SLEUTH ORIENT,2016,NC-17,87,0.99,25.99
808,SLING LUKE,2020,R,84,0.99,10.99
809,SLIPPER FIDELITY,2022,PG-13,156,0.99,14.99
810,SLUMS DUCK,2011,PG,147,0.99,21.99
811,SMILE EARRING,2006,G,60,2.99,29.99
812,SMOKING BARBARELLA,2010,PG-13,50,0.99,13.99
813,SMOOCHY CONTROL,2023,R,184,0.99,18.99
814,SNATCH SLIPPER,2007,PG,110,4.99,15.99
815,SNATCHERS MONTEZUMA,2020,PG-13,74,2.99,14.99
816,SNOWMAN ROLLERCOASTER,2011,G,62,0.99,27.99
817,SOLDIERS EVOLUTION,2019,R,185,4.99,27.99
818,SOMETHING DUCK,2024,NC-17,180,4.99,17.99
819,SONG HEDWIG,2024,PG-13,165,0.99,29.99
820,SONS INTERVIEW,2018,NC-17,184,2.99,11.99
821,SORORITY QUEEN,2016,NC-17,184,0.99,17.99
822,SOUP WISDOM,2007,R,169,0.99,12.99
823,SOUTH WAIT,2008,R,143,2.99,21.99
824,SPARTACUS CHEAPER,2016,NC-17,52,4.99,19.99
825,SPEAKEASY DATE,2006,PG-13,165,2.99,22.99
826,SPEED SUIT,2015,PG-13,124,4.99,19.99
827,SPICE SORORITY,2020,NC-17,141,4.99,22.99
828,SPIKING ELEMENT,2013,G,79,2.99,12.99
829,SPINAL ROCKY,2010,PG-13,138,2.99,12.99
830,SPIRIT FLINTSTONES,2015,R,149,0.99,23.99
831,SPIRITED CASUALTIES,2016,PG-13,138,0.99,20.99
832,SPLASH GUMP,2020,PG,175,0.99,16.99
833,SPLENDOR PATTON,2007,R,134,0.99,20.99
834,SPOILERS HELLFIGHTERS,2009,G,151,0.99,26.99
835,SPY MILE,2021,PG-13,112,2.99,13.99
836,SQUAD FISH,2012,PG,136,2.99,14.99
837,STAGE WORLD,2008,PG,85,2.99,19.99
838,STAGECOACH ARMAGEDDON,2006,R,112,4.99,25.99
839,STALLION SUNDANCE,2018,PG-13,130,0.99,23.99
840,STAMPEDE DISTURBING,2023,R,75,0.99,26.99
841,STAR OPERATION,2006,PG,181,2.99,9.99
842,STATE WASTELAND,2021,NC-17,113,2.99,13.99
843,STEEL SANTA,2008,NC-17,143,4.99,15.99
844,STEERS ARMAGEDDON,2013,PG,140,4.99,16.99
845,STEPMOM DREAM,2006,NC-17,48,4.99,9.99
846,STING PERSONAL,2023,NC-17,93,4.99,9.99
847,STOCK GLASS,2012,PG,160,2.99,10.99
848,STONE FIRE,2019,G,94,0.99,19.99
849,STORM HAPPINESS,2018,NC-17,57,0.99,28.99
850,STORY SIDE,2013,R,163,0.99,27.99
851,STRAIGHT HOURS,2009,R,151,0.99,19.99
852,STRANGELOVE DESIRE,2023,NC-17,103,0.99,27.99
853,STRANGER STRANGERS,2015,G,139,4.99,12.99
854,STRANGERS GRAFFITI,2007,R,119,4.99,22.99
855,STREAK RIDGEMONT,2007,PG-13,132,0.99,28.99
856,STREETCAR INTENTIONS,2008,R,73,4.99,11.99
857,STRICTLY SCARFACE,2013,PG-13,144,2.99,24.99
858,SUBMARINE BED,2022,R,127,4.99,21.99
859,SUGAR WONKA,2008,PG,114,4.99,20.99
860,SUICIDES SILENCE,2016,G,93,4.99,13.99
861,SUIT WALLS,2010,R,111,4.99,12.99
862,SUMMER SCARFACE,2018,G,53,0.99,25.99
863,SUN CONFESSIONS,2023,R,141,0.99,9.99
864,SUNDANCE INVASION,2007,NC-17,92,0.99,21.99
865,SUNRISE LEAGUE,2017,PG-13,135,4.99,19.99
866,SUNSET RACER,2007,NC-17,48,0.99,28.99
867,SUPER WYOMING,2011,PG,58,4.99,10.99
868,SUPERFLY TRIP,2006,PG,114,0.99,27.99
869,SUSPECTS QUILLS,2007,PG,47,2.99,22.99
870,SWARM GOLD,2013,PG-13,123,0.99,12.99
871,SWEDEN SHINING,2017,PG,176,4.99,19.99
872,SWEET BROTHERHOOD,2008,R,185,2.99,27.99
873,SWEETHEARTS SUSPECTS,2023,G,108,0.99,13.99
874,TADPOLE PARK,2024,PG,155,2.99,13.99
875,TALENTED HOMICIDE,2010,PG,173,0.99,9.99
876,TARZAN VIDEOTAPE,2021,PG-13,91,2.99,11.99
877,TAXI KICK,2009,PG-13,64,0.99,23.99
878,TEEN APOLLO,2011,G,74,4.99,25.99
879,TELEGRAPH VOYAGE,2017,PG,148,4.99,20.99
880,TELEMARK HEARTBREAKERS,2019,PG-13,152,2.99,9.99
881,TEMPLE ATTRACTION,2014,PG,71,4.99,13.99
882,TENENBAUMS COMMAND,2014,PG-13,99,0.99,24.99
883,TEQUILA PAST,2020,PG,53,4.99,17.99
884,TERMINATOR CLUB,2022,R,88,4.99,11.99
885,TEXAS WATCH,2006,NC-17,179,0.99,22.99
886,THEORY MERMAID,2024,PG-13,184,0.99,9.99
887,THIEF PELICAN,2015,PG-13,135,4.99,28.99
888,THIN SAGEBRUSH,2019,PG-13,53,4.99,9.99
889,TIES HUNGER,2024,R,111,4.99,28.99
890,TIGHTS DAWN,2006,R,172,0.99,14.99
891,TIMBERLAND SKY,2010,G,69,0.99,13.99
892,TITANIC BOONDOCK,2019,R,104,4.99,18.99
893,TITANS JERK,2023,PG,91,4.99,11.99
894,TOMATOES HELLFIGHTERS,2006,PG,68,0.99,23.99
895,TOMORROW HUSTLER,2014,R,142,2.99,21.99
896,TOOTSIE PILOT,2012,PG,157,0.99,10.99
897,TORQUE BOUND,2017,G,179,4.99,27.99
898,TOURIST PELICAN,2023,PG-13,152,4.99,18.99
899,TOWERS HURRICANE,2008,NC-17,144,0.99,14.99
900,TOWN ARK,2015,R,136,2.99,17.99
901,TRACY CIDER,2022,G,142,0.99,29.99
902,TRADING PINOCCHIO,2011,PG,170,4.99,22.99
903,TRAFFIC HOBBIT,2017,G,139,4.99,13.99
904,TRAIN BUNCH,2020,R,71,4.99,26.99
905,TRAINSPOTTING STRANGERS,2010,PG-13,132,4.99,10.99
906,TRAMP OTHERS,2018,PG,171,0.99,27.99
907,TRANSLATION SUMMER,2013,PG-13,168,0.99,10.99
908,TRAP GUYS,2016,G,110,4.99,11.99
909,TREASURE COMMAND,2015,PG-13,102,0.99,28.99
910,TREATMENT JEKYLL,2020,PG,87,0.99,19.99
911,TRIP NEWTON,2010,PG-13,64,4.99,14.99
912,TROJAN TOMORROW,2022,PG,52,2.99,9.99
913,TROOPERS METAL,2018,R,115,0.99,20.99
914,TROUBLE DATE,2011,PG,61,2.99,13.99
915,TRUMAN CRAZY,2008,G,92,4.99,9.99
916,TURN STAR,2006,G,80,2.99,10.99
917,TUXEDO MILE,2011,R,152,2.99,24.99
918,TWISTED PIRATES,2015,PG,152,4.99,23.99
919,TYCOON GATHERING,2022,G,82,4.99,17.99
920,UNBREAKABLE KARATE,2020,G,62,0.99,16.99
921,UNCUT SUICIDES,2013,PG-13,172,2.99,29.99
922,UNDEFEATED DALMATIONS,2021,PG-13,107,4.99,22.99
923,UNFAITHFUL KILL,2020,R,78,2.99,12.99
924,UNFORGIVEN ZOOLANDER,2015,PG,129,0.99,15.99
925,UNITED PILOT,2007,R,164,0.99,27.99
926,UNTOUCHABLES SUNRISE,2009,NC-17,120,2.99,11.99
927,UPRISING UPTOWN,2020,NC-17,174,2.99,16.99
928,UPTOWN YOUNG,2013,PG,84,2.99,16.99
929,USUAL UNTOUCHABLES,2011,PG-13,128,4.99,21.99
930,VACATION BOONDOCK,2024,R,145,2.99,23.99
931,VALENTINE VANISHING,2006,PG-13,48,0.99,9.99
932,VALLEY PACKER,2009,G,73,0.99,21.99
933,VAMPIRE WHALE,2012,NC-17,126,4.99,11.99
934,VANILLA DAY,2022,NC-17,122,4.99,20.99
935,VANISHED GARDEN,2009,R,142,0.99,17.99
936,VANISHING ROCKY,2019,NC-17,123,2.99,21.99
937,VARSITY TRIP,2009,NC-17,85,2.99,14.99
938,VELVET TERMINATOR,2023,R,173,4.99,14.99
939,VERTIGO NORTHWEST,2011,R,90,2.99,17.99
940,VICTORY ACADEMY,2011,PG-13,64,0.99,19.99
941,VIDEOTAPE ARSENIC,2014,NC-17,145,4.99,10.99
942,VIETNAM SMOOCHY,2017,PG-13,174,0.99,27.99
943,VILLAIN DESPERATE,2017,PG-13,76,4.99,27.99
944,VIRGIN DAISY,2019,PG-13,179,4.99,29.99
945,VIRGINIAN PLUTO,2024,R,164,0.99,22.99
946,VIRTUAL SPOILERS,2015,NC-17,144,4.99,14.99
947,VISION TORQUE,2020,PG-13,59,0.99,16.99
948,VOICE PEACH,2006,PG-13,139,0.99,22.99
949,VOLCANO TEXAS,2015,NC-17,157,0.99,27.99
950,VOLUME HOUSE,2010,PG,132,4.99,12.99
951,VOYAGE LEGALLY,2014,PG-13,78,0.99,28.99
952,WAGON JAWS,2022,PG,152,2.99,17.99
953,WAIT CIDER,2011,PG-13,112,0.99,9.99
954,WAKE JAWS,2022,G,73,4.99,18.99
955,WALLS ARTIST,2017,PG,135,4.99,19.99
956,WANDA CHAMBER,2014,PG-13,107,4.99,23.99
957,WAR NOTTING,2021,G,80,4.99,26.99
958,WARDROBE PHANTOM,2009,G,178,2.99,19.99
959,WARLOCK WEREWOLF,2007,G,83,2.99,10.99
960,WARS PLUTO,2023,G,128,2.99,15.99
961,WASH HEAVENLY,2006,R,161,4.99,22.99
962,WASTELAND DIVINE,2010,PG,85,2.99,18.99
963,WATCH TRACY,2023,PG,78,0.99,12.99
964,WATERFRONT DELIVERANCE,2024,G,61,4.99,17.99
965,WATERSHIP FRONTIER,2012,G,112,0.99,28.99
966,WEDDING APOLLO,2018,PG,70,0.99,14.99
967,WEEKEND PERSONAL,2023,R,134,2.99,26.99
968,WEREWOLF LOLA,2010,G,79,4.99,19.99
969,WEST LION,2007,G,159,4.99,29.99
970,WESTWARD SEABISCUIT,2012,NC-17,52,0.99,11.99
971,WHALE BIKINI,2020,PG-13,109,4.99,11.99
972,WHISPERER GIANT,2021,PG-13,59,4.99,24.99
973,WIFE TURN,2021,NC-17,183,4.99,27.99
974,WILD APOLLO,2023,R,181,0.99,24.99
975,WILLOW TRACY,2022,R,137,2.99,22.99
976,WIND PHANTOM,2015,R,111,0.99,12.99
977,WINDOW SIDE,2012,R,85,2.99,25.99
978,WISDOM WORKER,2010,R,98,0.99,12.99
979,WITCHES PANIC,2007,NC-17,100,4.99,10.99
980,WIZARD COLDBLOODED,2008,PG,75,4.99,12.99
981,WOLVES DESIRE,2019,NC-17,55,0.99,13.99
982,WOMEN DORADO,2014,R,126,0.99,23.99
983,WON DARES,2020,PG,105,2.99,18.99
984,WONDERFUL DROP,2013,NC-17,126,2.99,20.99
985,WONDERLAND CHRISTMAS,2006,PG,111,4.99,19.99
986,WONKA SEA,2011,NC-17,85,2.99,24.99
987,WORDS HUNTER,2012,PG,116,2.99,13.99
988,WORKER TARZAN,2023,R,139,2.99,26.99
989,WORKING MICROCOSMOS,2014,R,74,4.99,22.99
990,WORLD LEATHERNECKS,2018,PG-13,171,0.99,13.99
991,WORST BANGER,2008,PG,185,2.99,26.99
992,WRATH MILE,2011,NC-17,176,0.99,17.99
993,WRONG BEHAVIOR,2014,PG-13,178,2.99,10.99
994,WYOMING STORM,2016,PG-13,100,4.99,29.99
995,YENTL IDAHO,2023,R,86,4.99,11.99
996,YOUNG LANGUAGE,2019,G,183,0.99,9.99
997,YOUTH KICK,2012,NC-17,179,0.99,14.99
998,ZHIVAGO CORE,2012,NC-17,105,0.99,10.99
999,ZOOLANDER FICTION,2010,R,101,2.99,28.99
1000,ZORRO ARK,2019,NC-17,50,4.99,18.99
