film_id,category_id
1,10
1,13
1,16
2,1
2,13
2,14
3,1
3,13
4,6
4,8
4,12
5,2
5,9
5,10
6,9
6,11
6,13
7,1
7,15
8,4
8,12
8,16
9,3
9,11
9,16
10,3
10,10
10,16
11,8
11,10
12,1
12,6
13,4
13,5
13,9
14,5
14,12
14,15
15,3
15,5
15,13
16,2
16,11
16,14
17,4
17,8
17,12
18,7
18,16
19,4
19,12
19,15
20,6
20,14
20,15
21,4
21,9
21,12
22,11
23,5
23,6
23,11
24,6
24,8
24,10
25,1
25,4
25,7
26,6
26,7
27,4
27,11
27,16
28,10
28,11
29,9
29,13
29,14
30,1
30,3
30,11
31,6
31,8
31,13
32,6
32,7
32,13
33,7
33,10
33,15
34,7
34,10
34,16
35,4
35,7
35,13
36,2
36,3
36,7
37,1
37,9
38,4
38,13
39,8
39,9
39,10
40,11
40,12
40,14
41,2
41,13
41,16
42,6
42,9
42,11
43,4
43,9
43,14
44,3
44,5
44,16
45,5
45,6
45,7
46,3
46,10
46,15
47,4
47,5
47,7
48,3
48,16
49,5
49,12
49,14
50,1
50,8
50,10
51,3
51,6
52,5
52,8
52,10
53,4
53,13
53,16
54,1
54,6
54,9
55,3
55,4
55,14
56,10
56,11
56,14
57,3
57,8
57,11
58,5
58,9
58,14
59,3
59,8
59,14
60,4
60,5
60,11
61,8
61,15
61,16
62,5
62,11
62,15
63,1
63,6
64,11
64,14
64,16
65,1
65,8
65,13
66,1
66,9
66,15
67,5
67,12
67,16
68,5
68,9
68,13
69,7
69,11
69,14
70,2
70,10
70,15
71,7
71,13
72,6
72,16
73,8
73,9
73,13
74,1
74,14
75,2
75,7
75,11
76,1
76,4
76,11
77,3
77,4
77,9
78,4
78,5
79,12
79,14
79,16
80,5
80,13
80,14
81,2
81,11
81,13
82,2
82,3
82,12
83,5
83,7
84,2
84,10
84,16
85,1
85,15
85,16
86,3
86,10
86,11
87,10
87,15
87,16
88,1
88,2
88,7
89,2
89,4
89,7
90,7
90,15
90,16
91,10
91,15
92,4
92,8
92,12
93,4
93,9
93,15
94,10
94,14
94,15
95,3
95,6
96,6
96,13
96,16
97,1
97,9
97,11
98,2
98,12
98,15
99,6
99,11
99,12
100,2
100,14
100,15
101,4
101,10
101,12
102,2
102,3
102,13
103,7
103,10
103,12
104,3
104,13
105,4
105,8
105,10
106,1
106,2
106,9
107,9
107,13
107,15
108,3
108,5
108,11
109,6
109,8
110,2
110,6
110,11
111,2
111,6
111,7
112,2
112,5
112,9
113,1
113,7
113,13
114,2
114,3
114,10
115,1
115,4
115,9
116,3
116,7
116,10
117,12
117,15
117,16
118,1
118,3
118,12
119,12
119,15
120,5
120,9
120,10
121,2
121,5
122,13
122,14
122,16
123,4
123,6
123,14
124,4
124,8
124,12
125,8
125,11
125,16
126,2
126,3
126,15
127,1
127,11
128,1
128,3
128,5
129,6
129,12
129,16
130,7
130,8
130,14
131,2
131,3
132,4
132,8
132,16
133,7
133,11
133,14
134,4
134,6
134,14
135,8
135,9
135,13
136,5
136,11
136,16
137,5
137,10
138,4
138,8
139,3
139,8
139,12
140,3
140,9
140,15
141,4
141,12
141,14
142,7
142,9
142,12
143,1
143,11
143,13
144,2
144,11
144,14
145,10
145,12
145,16
146,2
146,7
146,8
147,8
147,15
147,16
148,11
148,16
149,3
149,15
150,3
150,6
151,5
151,11
151,12
152,6
152,15
153,6
153,10
153,14
154,12
154,16
155,2
155,6
156,1
156,3
156,7
157,9
157,12
157,13
158,3
158,7
158,9
159,1
159,9
159,15
160,8
160,12
160,14
161,1
161,3
161,16
162,1
162,2
162,10
163,4
163,11
163,16
164,6
164,8
164,15
165,4
165,6
166,6
166,7
166,9
167,6
167,9
167,13
168,5
169,5
169,8
169,9
170,5
170,10
170,12
171,5
171,7
171,10
172,3
172,5
172,10
173,9
173,12
174,2
174,14
174,15
175,7
175,9
175,12
176,4
176,13
176,16
177,4
177,10
177,12
178,6
178,9
178,10
179,1
179,4
179,8
180,4
180,7
181,2
181,4
181,13
182,2
182,5
182,13
183,2
183,5
183,14
184,1
184,10
185,2
185,9
186,7
186,8
186,14
187,3
187,11
187,13
188,8
188,14
188,15
189,7
189,12
189,14
190,2
190,11
190,16
191,12
191,16
192,7
192,12
192,15
193,5
193,8
193,10
194,1
194,12
194,16
195,4
195,9
195,15
196,4
196,6
196,9
197,5
197,7
198,1
198,6
198,7
199,3
199,13
200,3
200,10
200,13
201,3
201,10
201,15
202,4
202,10
202,15
203,12
203,13
203,15
204,13
204,16
205,2
205,6
205,16
206,7
206,11
207,3
207,4
207,7
208,2
208,3
208,13
209,3
209,5
209,8
210,1
210,2
210,3
211,7
211,11
211,13
212,6
212,7
212,12
213,2
213,15
214,1
214,5
214,14
215,8
215,9
215,13
216,4
216,12
216,16
217,2
217,15
218,1
218,2
218,14
219,5
219,8
219,9
220,9
220,14
220,16
221,7
221,15
221,16
222,2
222,5
222,13
223,2
223,7
223,15
224,2
224,12
224,13
225,7
225,13
226,4
226,11
226,13
227,1
227,9
228,1
228,5
228,14
229,1
229,6
229,14
230,5
230,10
230,14
231,1
231,4
231,14
232,7
232,9
232,13
233,1
233,5
233,9
234,1
234,6
234,9
235,5
235,13
235,16
236,4
236,11
236,13
237,1
237,3
237,13
238,5
238,11
238,15
239,3
239,10
239,16
240,5
240,7
240,12
241,4
241,10
241,11
242,11
242,15
243,2
243,6
243,12
244,8
244,9
244,12
245,6
245,7
245,10
246,4
246,6
246,14
247,2
247,8
247,11
248,8
248,12
248,14
249,6
249,7
249,10
250,3
250,12
250,14
251,7
251,8
252,2
252,6
252,10
253,6
253,10
253,15
254,1
254,8
254,9
255,1
255,13
256,6
256,10
257,1
257,8
257,10
258,1
258,13
258,15
259,8
259,10
259,16
260,4
260,16
261,11
261,12
261,16
262,3
262,12
262,16
263,4
263,11
264,11
264,15
265,1
265,11
265,12
266,3
266,10
266,13
267,5
267,11
267,12
268,8
268,14
268,16
269,1
269,16
270,4
270,12
270,13
271,14
271,15
271,16
272,6
272,8
272,10
273,5
273,9
273,15
274,2
274,14
274,16
275,2
275,7
275,9
276,11
276,14
276,16
277,1
277,2
277,15
278,7
278,11
279,2
279,11
279,14
280,7
280,8
280,16
281,8
281,16
282,1
282,4
282,15
283,6
283,8
283,11
284,5
284,9
284,14
285,2
285,5
285,6
286,6
286,10
286,15
287,1
287,10
287,13
288,6
288,15
288,16
289,2
289,8
290,3
290,13
290,14
291,8
291,9
291,12
292,5
292,11
293,3
293,4
293,9
294,10
294,11
294,14
295,2
295,5
295,11
296,5
296,12
296,15
297,3
297,7
297,12
298,13
298,14
298,15
299,1
299,4
300,3
300,5
300,11
301,3
301,8
301,13
302,3
302,8
302,16
303,6
303,15
303,16
304,7
304,9
305,6
305,14
305,15
306,2
306,8
306,15
307,3
307,8
307,14
308,1
308,5
308,16
309,9
309,14
309,16
310,2
310,6
311,9
311,10
311,16
312,8
312,11
312,14
313,9
313,10
313,11
314,11
314,12
314,15
315,4
315,6
315,13
316,1
316,6
316,12
317,2
317,4
317,14
318,1
318,5
318,15
319,10
319,13
320,3
320,4
320,7
321,9
321,15
321,16
322,2
322,4
322,9
323,13
323,16
324,3
324,5
325,7
325,12
325,16
326,5
326,6
326,15
327,1
327,11
327,14
328,5
328,9
328,16
329,2
329,11
329,15
330,12
330,14
330,15
331,5
331,7
331,13
332,6
332,12
332,14
333,3
333,8
333,14
334,6
334,12
334,14
335,1
335,5
335,14
336,2
336,3
336,12
337,3
337,5
337,9
338,1
338,9
338,14
339,3
339,4
339,12
340,1
340,10
340,13
341,10
341,12
341,13
342,1
342,3
342,12
343,6
343,9
343,14
344,6
344,10
344,11
345,9
345,11
345,14
346,1
346,3
346,12
347,1
347,4
347,9
348,2
348,6
348,13
349,7
349,13
349,16
350,9
350,10
350,13
351,7
351,10
351,11
352,1
352,2
352,7
353,3
353,10
353,15
354,2
354,3
354,11
355,5
355,15
355,16
356,4
356,12
356,16
357,5
357,7
357,8
358,2
358,9
358,11
359,9
359,12
359,13
360,4
360,8
360,16
361,6
361,9
361,11
362,3
362,10
362,15
363,8
363,14
363,16
364,3
364,8
364,10
365,5
365,6
365,10
366,7
366,12
366,16
367,8
367,11
367,12
368,5
368,7
368,11
369,1
369,6
369,9
370,2
370,8
370,16
371,4
371,5
371,13
372,6
372,10
372,14
373,2
373,11
374,8
374,13
374,15
375,6
375,7
375,15
376,6
376,14
377,2
377,4
377,12
378,3
378,10
379,6
379,7
379,12
380,8
380,12
380,14
381,2
381,6
381,7
382,2
382,5
383,1
383,3
383,14
384,6
384,10
384,15
385,8
385,9
386,1
386,10
386,14
387,1
387,7
387,8
388,4
388,12
388,13
389,5
389,8
389,13
390,9
390,13
390,16
391,1
391,2
391,15
392,4
392,6
392,14
393,2
393,10
394,4
394,10
395,5
395,7
395,8
396,8
396,13
397,3
397,7
397,15
398,5
398,12
398,15
399,6
399,8
399,16
400,1
400,4
400,12
401,8
401,9
401,12
402,3
402,8
402,12
403,1
403,4
403,14
404,3
404,4
405,4
405,9
405,16
406,7
406,10
406,13
407,7
407,8
408,1
408,13
408,14
409,3
409,10
409,11
410,3
410,9
410,14
411,7
411,12
411,16
412,7
412,10
412,15
413,2
413,4
413,6
414,8
414,10
414,12
415,9
415,10
415,12
416,2
416,8
417,9
417,14
417,15
418,4
418,7
418,15
419,4
419,7
419,14
420,7
420,11
421,5
421,7
421,15
422,5
422,12
422,13
423,3
423,5
424,1
424,3
424,14
425,10
425,13
425,16
426,7
426,11
427,2
427,9
427,16
428,6
428,13
429,1
429,4
429,13
430,1
430,10
430,16
431,7
431,10
431,11
432,13
432,15
432,16
433,4
433,16
434,5
434,9
434,14
435,2
435,5
435,10
436,2
436,7
436,8
437,7
437,15
438,1
438,6
438,11
439,4
439,5
439,16
440,5
440,9
440,14
441,11
441,14
442,3
442,8
442,13
443,9
443,11
443,13
444,1
444,8
444,12
445,4
445,10
445,14
446,2
446,3
446,6
447,3
447,11
447,16
448,4
448,6
448,16
449,1
449,3
449,8
450,1
450,7
450,14
451,1
451,9
452,3
452,7
452,11
453,5
453,9
454,6
454,13
454,15
455,3
455,4
455,8
456,1
456,5
456,10
457,2
457,4
458,4
458,6
458,7
459,5
459,11
460,2
460,15
461,4
461,13
461,16
462,1
462,5
463,1
463,8
464,2
464,13
464,15
465,15
466,8
466,9
467,7
467,15
468,6
468,7
468,15
469,1
469,14
469,15
470,9
470,12
470,15
471,3
471,14
472,5
472,9
473,12
473,13
473,16
474,10
474,12
474,15
475,3
475,11
476,9
476,13
477,5
478,7
478,10
478,11
479,1
479,9
480,2
480,8
481,2
481,4
482,7
482,10
482,16
483,1
483,10
483,12
484,6
484,7
484,8
485,3
485,16
486,1
486,7
487,1
487,6
487,7
488,3
488,12
488,16
489,3
489,5
490,6
491,1
491,3
491,16
492,2
492,16
493,5
493,14
494,3
494,5
494,8
495,9
495,10
496,4
497,9
497,12
498,13
498,16
499,7
499,9
499,16
500,1
500,6
501,3
501,13
502,11
502,13
503,3
503,11
503,12
504,2
504,13
504,14
505,1
505,10
506,4
506,13
507,2
508,6
508,11
508,15
509,4
509,12
510,6
510,16
511,7
511,13
512,2
512,15
513,2
513,6
514,1
514,6
515,3
515,12
516,9
516,14
517,6
517,13
518,2
518,9
518,15
519,1
519,3
520,7
520,11
521,12
522,1
522,12
523,5
523,13
524,6
524,10
524,15
525,3
525,5
526,1
526,2
526,16
527,7
527,9
528,10
528,16
529,4
529,10
529,16
530,3
530,4
530,9
531,2
531,14
532,4
532,8
532,11
533,3
533,6
533,16
534,5
534,13
535,4
535,5
536,9
536,14
537,6
537,10
538,8
538,14
539,5
539,8
540,7
540,12
541,3
541,4
542,1
542,2
542,10
543,10
543,11
544,2
544,4
545,1
545,14
546,1
546,10
547,4
547,10
548,9
548,14
549,12
549,15
550,2
550,16
551,13
551,16
552,6
552,7
553,2
553,11
554,12
554,14
555,2
555,3
555,15
556,3
556,11
556,15
557,6
557,12
558,6
558,12
559,4
559,16
560,6
560,8
560,13
561,2
561,10
562,8
562,14
563,4
563,7
563,14
564,11
564,15
565,5
565,6
565,7
566,2
566,11
566,15
567,6
567,9
568,11
568,15
569,8
569,14
570,3
570,4
571,8
571,10
572,2
572,12
573,5
573,16
574,3
574,12
575,10
575,11
576,13
576,16
577,5
577,9
578,15
578,16
579,11
579,16
580,13
580,16
581,4
581,7
582,1
582,8
583,1
583,6
584,1
584,12
585,5
586,4
586,15
587,6
587,15
588,10
588,15
589,4
589,14
590,1
590,14
591,1
591,9
592,1
592,2
593,5
593,16
594,3
594,11
595,7
595,12
596,1
596,14
597,6
597,15
598,10
598,15
599,3
599,10
600,5
600,11
601,5
601,8
602,7
602,14
603,5
603,12
604,5
604,11
605,15
605,16
606,6
606,9
607,9
607,16
608,2
608,8
609,12
609,15
610,9
611,2
611,13
612,7
612,10
613,9
613,13
614,6
614,11
615,1
615,12
616,7
616,13
617,7
617,15
618,7
618,8
619,1
619,9
620,2
620,13
621,6
621,9
622,5
622,14
623,5
623,10
624,3
624,4
625,13
625,14
626,2
626,9
627,9
627,10
628,9
628,11
629,2
629,16
630,3
630,10
631,6
631,10
632,2
632,15
633,2
633,16
634,7
634,8
635,1
635,4
636,8
636,13
637,2
637,11
638,4
638,16
639,2
639,13
640,4
640,8
641,13
641,14
642,1
642,9
643,3
643,15
644,2
644,5
645,1
645,7
646,9
646,12
647,3
647,13
648,10
648,13
649,10
649,14
650,4
650,8
651,6
651,9
652,3
652,11
653,12
653,14
654,11
654,12
655,4
655,9
656,4
656,15
657,6
657,14
658,2
658,16
659,1
659,12
660,9
660,15
661,2
661,16
662,10
662,11
663,14
663,16
664,3
664,14
665,6
665,13
666,8
666,9
667,9
667,10
668,7
668,12
669,3
669,8
670,8
670,14
671,5
672,6
672,10
673,11
673,12
674,4
674,7
675,14
675,16
676,3
676,15
677,13
677,15
678,8
679,6
679,15
680,7
680,16
681,7
681,12
682,5
683,1
683,13
684,12
684,13
685,3
685,11
686,13
686,14
687,5
687,14
688,4
688,7
689,8
689,13
690,6
690,11
691,4
691,15
692,3
692,4
693,1
693,6
694,1
694,12
695,11
695,15
696,3
696,11
697,4
697,9
698,6
698,8
699,11
699,14
700,4
700,9
701,9
701,14
702,10
702,11
703,7
703,8
704,3
704,8
705,5
705,8
706,7
706,11
707,8
707,12
708,3
708,12
709,5
709,14
710,4
710,16
711,5
711,16
712,15
713,1
713,10
714,1
714,8
715,2
715,5
716,4
716,11
717,7
717,11
718,2
718,7
719,2
719,7
720,6
720,13
721,11
722,13
722,15
723,7
723,9
724,4
724,15
725,12
725,13
726,7
726,14
727,5
727,10
728,4
728,7
729,3
729,4
730,6
730,11
731,1
731,12
732,3
732,15
733,4
733,8
734,5
734,11
735,5
735,10
736,1
736,6
737,13
737,16
738,8
739,7
739,16
740,12
741,8
741,10
742,4
742,7
743,11
744,3
744,8
745,9
745,16
746,5
747,12
747,16
748,6
748,12
749,3
749,13
750,10
750,15
751,7
751,8
752,9
752,10
753,6
754,1
754,10
755,13
755,15
756,6
756,7
757,5
757,9
758,11
758,16
759,3
759,4
760,13
760,14
761,10
761,13
762,2
762,8
763,10
763,12
764,3
764,11
765,4
765,16
766,7
766,10
767,8
767,12
768,2
768,9
769,3
769,12
770,4
770,9
771,2
771,6
772,8
772,10
773,1
773,16
774,1
774,9
775,2
775,4
776,9
776,11
777,14
778,2
778,4
779,3
779,13
780,11
780,14
781,2
781,10
782,14
782,15
783,1
783,6
784,2
784,6
785,1
785,16
786,1
786,5
787,6
787,10
788,16
789,13
790,1
790,16
791,10
791,12
792,15
793,7
793,13
794,3
794,6
795,3
795,6
796,7
796,15
797,2
797,12
798,3
798,14
799,4
799,7
800,8
800,11
801,6
801,9
802,1
802,7
803,8
803,14
804,5
804,14
805,3
805,15
806,5
806,15
807,5
807,13
808,2
808,16
809,6
809,16
810,1
810,11
811,5
811,9
812,6
812,13
813,9
813,12
814,2
814,7
815,7
815,14
816,2
816,4
817,8
817,16
818,1
818,15
819,16
820,2
820,15
821,3
821,14
822,5
822,8
823,10
823,12
824,11
824,14
825,3
825,4
826,5
826,12
827,13
827,16
828,1
828,3
829,4
829,12
830,5
830,9
831,5
831,14
832,3
832,4
833,8
833,10
834,2
834,13
835,9
835,11
836,7
836,8
837,7
837,15
838,3
838,11
839,10
839,12
840,10
840,12
841,10
841,11
842,2
842,10
843,2
843,14
844,1
844,8
845,1
846,15
846,16
847,1
847,12
848,4
848,12
849,5
849,9
850,10
850,14
851,3
851,7
852,5
852,13
853,3
853,14
854,2
854,4
855,3
855,7
856,7
856,15
857,8
857,13
858,5
858,11
859,6
859,15
860,2
860,4
861,7
861,10
862,3
862,13
863,3
863,14
864,8
864,13
865,2
865,12
866,13
866,15
867,2
867,11
868,10
868,13
869,2
869,14
870,3
870,15
871,15
872,9
872,16
873,6
873,9
874,3
874,5
875,13
875,16
876,6
876,12
877,15
877,16
878,5
878,7
879,5
879,10
880,6
880,7
881,2
881,11
882,1
882,4
883,1
883,8
884,5
884,14
885,9
885,14
886,1
886,5
887,2
887,6
888,1
888,6
889,15
890,6
890,14
891,1
891,4
892,1
892,15
893,3
893,16
894,11
895,11
895,13
896,4
897,6
897,16
898,8
898,11
899,4
899,12
900,5
900,16
901,5
901,8
902,3
902,9
903,5
903,10
904,6
904,14
905,6
905,8
906,10
906,11
907,3
907,9
908,1
908,9
909,9
909,12
910,2
910,7
911,6
911,15
912,9
912,14
913,1
913,15
914,6
914,8
915,3
915,10
916,2
916,16
917,4
917,8
918,2
918,5
919,2
919,8
920,12
920,14
921,3
921,12
922,1
923,8
923,12
924,13
924,15
925,9
925,10
926,5
926,10
927,13
927,16
928,11
928,15
929,6
929,9
930,1
931,13
931,14
932,7
932,13
933,4
933,5
934,3
934,12
935,4
935,14
936,1
936,13
937,9
937,15
938,7
938,12
939,5
939,9
940,10
940,16
941,7
941,8
942,5
942,16
943,8
943,11
944,2
944,13
945,14
946,4
946,13
947,6
947,14
948,9
948,14
949,10
949,11
950,3
951,2
951,12
952,4
952,10
953,6
953,16
954,10
954,16
955,8
955,11
956,4
956,7
957,10
957,13
958,9
958,13
959,2
959,12
960,1
960,7
961,7
961,12
962,2
962,12
963,11
963,14
964,4
964,8
965,1
965,8
966,2
966,10
967,1
967,15
968,3
968,16
969,2
969,14
970,12
970,13
971,6
972,1
972,5
973,9
973,16
974,7
974,8
975,2
975,9
976,10
976,11
977,4
977,15
978,9
978,11
979,2
979,6
980,7
980,8
981,4
981,16
982,1
982,9
983,2
983,5
984,9
984,12
985,1
985,14
986,8
986,12
987,8
987,14
988,3
988,12
989,4
989,7
990,5
990,8
991,3
991,7
992,2
992,4
993,5
993,7
994,2
994,8
995,3
995,15
996,3
996,8
997,4
997,7
998,1
998,15
999,12
999,16
1000,14
